"estimate","lowci","highci","true_onset","pass","distance","obs","sd","estimator","ci"
158.800287937094,148.388701740224,169.413323130738,162.68,TRUE,-3.87971206290587,10,10,"belitz",21.0246213905139
154.196392952159,147.926451016242,166.061265035671,162.68,TRUE,-8.48360704784099,10,10,"belitz",18.1348140194295
173.465269309694,166.665214054636,180.562558121296,162.68,FALSE,10.7852693096944,10,10,"belitz",13.8973440666597
144.802796727784,142.219740617737,147.726799948594,162.68,FALSE,-17.8772032722163,10,10,"belitz",5.50705933085769
173.126872153777,166.230150199283,181.157674116957,162.68,FALSE,10.4468721537773,10,10,"belitz",14.9275239176739
170.352364455848,162.069273927448,179.568815635611,162.68,TRUE,7.67236445584831,10,10,"belitz",17.4995417081629
165.714519883845,160.97986846066,179.970415625436,162.68,TRUE,3.03451988384541,10,10,"belitz",18.9905471647761
178.304361362637,171.844141009463,182.749716958572,162.68,FALSE,15.6243613626372,10,10,"belitz",10.9055759491085
161.629666616928,157.872215430076,165.769941415642,162.68,TRUE,-1.05033338307192,10,10,"belitz",7.89772598556547
163.409948105477,157.66400914903,170.968955525263,162.68,TRUE,0.72994810547695,10,10,"belitz",13.3049463762333
182.100352718331,176.293919966797,191.450954182228,162.68,FALSE,19.4203527183315,10,10,"belitz",15.1570342154311
159.415049637992,151.893593968679,177.402697147198,162.68,TRUE,-3.26495036200777,10,10,"belitz",25.5091031785189
160.25073446445,155.672483496877,168.634914421199,162.68,TRUE,-2.42926553554975,10,10,"belitz",12.962430924322
172.415630097542,162.759498694037,174.497106690241,162.68,FALSE,9.7356300975421,10,10,"belitz",11.7376079962048
173.166424407777,163.735575826998,179.359864040564,162.68,FALSE,10.4864244077773,10,10,"belitz",15.6242882135664
190.521636962175,187.234526748103,192.856688307633,162.68,FALSE,27.8416369621745,10,10,"belitz",5.62216155952902
172.752226273327,162.125095629773,185.002243603048,162.68,TRUE,10.0722262733266,10,10,"belitz",22.877147973275
181.804221457657,175.030822724713,187.481270926151,162.68,FALSE,19.1242214576568,10,10,"belitz",12.4504482014372
176.805813943901,167.940599983507,181.2666323465,162.68,FALSE,14.1258139439012,10,10,"belitz",13.3260323629931
164.31427987329,158.851406969993,170.292504423734,162.68,TRUE,1.6342798732901,10,10,"belitz",11.4410974537401
164.97000246655,159.714139260336,176.63354670019,162.68,TRUE,2.29000246654977,10,10,"belitz",16.919407439854
178.306427088397,174.279288469394,189.966122556992,162.68,FALSE,15.6264270883967,10,10,"belitz",15.6868340875983
172.529035143713,167.31504076836,176.608636831481,162.68,FALSE,9.84903514371348,10,10,"belitz",9.29359606312138
150.26115443667,146.135536715307,155.394583242106,162.68,FALSE,-12.4188455633301,10,10,"belitz",9.25904652679881
181.527610867225,173.144186856508,185.911182290443,162.68,FALSE,18.8476108672251,10,10,"belitz",12.7669954339341
172.735581280484,168.664583701747,175.725604896008,162.68,FALSE,10.0555812804838,10,10,"belitz",7.06102119426103
186.981505212676,179.409593417419,197.44234350243,162.68,FALSE,24.3015052126764,10,10,"belitz",18.0327500850108
180.624752380391,175.89793732761,185.32232585493,162.68,FALSE,17.9447523803906,10,10,"belitz",9.42438852731951
172.435568499124,164.733703478297,185.015775276165,162.68,FALSE,9.75556849912442,10,10,"belitz",20.2820717978673
175.650862808062,171.064850851936,180.566667211188,162.68,FALSE,12.9708628080616,10,10,"belitz",9.50181635925227
116.65494314931,103.565849640134,124.066029014763,119.92,TRUE,-3.26505685069036,10,20,"belitz",20.5001793746287
163.973743285157,151.749468870615,169.359006431127,119.92,FALSE,44.0537432851574,10,20,"belitz",17.6095375605128
158.289929941879,148.769412575248,188.567348068951,119.92,FALSE,38.3699299418791,10,20,"belitz",39.7979354937029
171.067564558826,156.776301677761,178.547645227286,119.92,FALSE,51.1475645588257,10,20,"belitz",21.7713435495252
125.915540882192,113.375575940081,150.776686512321,119.92,TRUE,5.99554088219166,10,20,"belitz",37.40111057224
153.478202072555,145.939241609938,162.065735882686,119.92,FALSE,33.5582020725548,10,20,"belitz",16.1264942727484
140.373648059324,129.698894206221,159.318155004184,119.92,FALSE,20.4536480593239,10,20,"belitz",29.619260797963
177.469990030479,169.568233099956,192.127472987364,119.92,FALSE,57.5499900304791,10,20,"belitz",22.5592398874081
162.307537520712,150.709871275537,183.893562217073,119.92,FALSE,42.3875375207125,10,20,"belitz",33.1836909415364
162.914317721643,152.284137385324,170.95471037661,119.92,FALSE,42.9943177216431,10,20,"belitz",18.670572991286
152.15313467597,139.431739951748,161.540305865007,119.92,FALSE,32.2331346759695,10,20,"belitz",22.1085659132581
175.997028698628,171.479725917788,177.559603066715,119.92,FALSE,56.0770286986276,10,20,"belitz",6.07987714892673
171.464746811711,163.407437557082,185.004569426218,119.92,FALSE,51.5447468117109,10,20,"belitz",21.5971318691354
156.166942204445,144.918170935699,169.404024659176,119.92,FALSE,36.2469422044448,10,20,"belitz",24.4858537234769
158.328482597241,146.3736071955,180.33628304543,119.92,FALSE,38.4084825972408,10,20,"belitz",33.9626758499304
109.206313607243,98.3595876366875,118.291246849172,119.92,FALSE,-10.7136863927574,10,20,"belitz",19.9316592124847
142.429241173441,125.64338234953,151.532873427516,119.92,FALSE,22.5092411734408,10,20,"belitz",25.8894910779852
135.870280344391,125.276448947713,149.300417979742,119.92,FALSE,15.9502803443905,10,20,"belitz",24.023969032029
146.267618118116,136.136948876937,153.335651624523,119.92,FALSE,26.3476181181163,10,20,"belitz",17.198702747586
147.037610112032,139.454062845469,156.60562441039,119.92,FALSE,27.1176101120324,10,20,"belitz",17.1515615649204
174.744334692521,167.640456190295,180.793482758665,119.92,FALSE,54.8243346925212,10,20,"belitz",13.1530265683698
140.951985830675,124.132406980038,155.857629991585,119.92,FALSE,21.0319858306752,10,20,"belitz",31.725223011547
155.53924255136,145.970290811556,175.44448714167,119.92,FALSE,35.6192425513597,10,20,"belitz",29.4741963301142
153.076968956948,143.57860295642,162.245100597622,119.92,FALSE,33.1569689569477,10,20,"belitz",18.666497641202
131.177392421072,124.807431738908,136.271783507552,119.92,FALSE,11.2573924210725,10,20,"belitz",11.4643517686438
158.488104214867,145.061996962843,171.594354052399,119.92,FALSE,38.5681042148667,10,20,"belitz",26.532357089556
173.050362313276,162.116368187318,183.783466596421,119.92,FALSE,53.1303623132764,10,20,"belitz",21.6670984091026
164.099461628157,150.51796893323,184.236746968467,119.92,FALSE,44.1794616281573,10,20,"belitz",33.7187780352365
158.052354933605,145.283022511065,166.795353082914,119.92,FALSE,38.1323549336046,10,20,"belitz",21.5123305718492
155.925926674429,144.685731382176,169.899841169772,119.92,FALSE,36.0059266744294,10,20,"belitz",25.2141097875957
131.212731795813,125.722235704386,165.015359552156,35.88,FALSE,95.3327317958134,10,40,"belitz",39.2931238477704
143.808098061882,125.149080217372,149.276742809074,35.88,FALSE,107.928098061882,10,40,"belitz",24.1276625917024
109.541642477687,96.0075325713445,127.712536987772,35.88,FALSE,73.6616424776873,10,40,"belitz",31.7050044164276
137.987610046128,123.376893446276,153.540123021579,35.88,FALSE,102.107610046128,10,40,"belitz",30.163229575303
151.063410403369,129.623093735456,176.711279764408,35.88,FALSE,115.183410403369,10,40,"belitz",47.0881860289514
136.379027867448,114.919650534819,169.984340626474,35.88,FALSE,100.499027867448,10,40,"belitz",55.0646900916544
86.9129953825455,63.5897213370507,149.044002574168,35.88,FALSE,51.0329953825455,10,40,"belitz",85.4542812371175
150.594325501092,142.644578815925,176.084133118817,35.88,FALSE,114.714325501092,10,40,"belitz",33.4395543028926
146.411307311963,127.640209899075,172.724154880663,35.88,FALSE,110.531307311964,10,40,"belitz",45.0839449815888
144.269100270049,134.23909746528,150.596309059055,35.88,FALSE,108.389100270049,10,40,"belitz",16.3572115937741
126.2880366829,101.385733844016,138.679587461629,35.88,FALSE,90.4080366828999,10,40,"belitz",37.2938536176137
91.5938814168106,82.7860658943049,154.054884170823,35.88,FALSE,55.7138814168106,10,40,"belitz",71.2688182765186
89.7457491330853,72.9827519359748,181.000022067397,35.88,FALSE,53.8657491330853,10,40,"belitz",108.017270131422
142.751242129275,126.958047907668,158.327291849236,35.88,FALSE,106.871242129275,10,40,"belitz",31.3692439415684
84.7503300132256,69.1733316386801,94.6880764389929,35.88,FALSE,48.8703300132256,10,40,"belitz",25.5147448003129
138.532702294926,124.888017825764,152.540137252644,35.88,FALSE,102.652702294926,10,40,"belitz",27.6521194268801
159.7306252075,138.964047968095,182.549864995357,35.88,FALSE,123.8506252075,10,40,"belitz",43.5858170272613
128.589102468764,103.404875566928,161.894902811853,35.88,FALSE,92.7091024687639,10,40,"belitz",58.4900272449255
116.419985340893,103.804093396702,124.603124815505,35.88,FALSE,80.5399853408928,10,40,"belitz",20.7990314188027
100.677650800778,85.0152371615083,139.937152432647,35.88,FALSE,64.7976508007776,10,40,"belitz",54.9219152711389
116.040821855097,91.5137235507524,125.566787513377,35.88,FALSE,80.1608218550966,10,40,"belitz",34.0530639626242
152.277048372552,136.82845067517,160.715558722886,35.88,FALSE,116.397048372552,10,40,"belitz",23.8871080477164
90.6848972842009,70.7505646671114,115.802887919861,35.88,FALSE,54.8048972842009,10,40,"belitz",45.0523232527499
138.676031807043,105.789367908578,147.135373117828,35.88,FALSE,102.796031807043,10,40,"belitz",41.3460052092499
12.7297437260965,4.01488983146426,21.1881941056843,35.88,FALSE,-23.1502562739035,10,40,"belitz",17.1733042742201
130.002362651981,111.159264034439,143.084645062906,35.88,FALSE,94.1223626519813,10,40,"belitz",31.9253810284669
167.072250872648,151.31893316626,188.265582522462,35.88,FALSE,131.192250872648,10,40,"belitz",36.9466493562018
111.828393587623,98.0485450210004,123.186094999922,35.88,FALSE,75.9483935876234,10,40,"belitz",25.1375499789215
57.1421627982435,32.7909413089532,69.6635330304128,35.88,TRUE,21.2621627982435,10,40,"belitz",36.8725917214596
119.795095636101,98.8935120130573,136.163853860163,35.88,FALSE,83.9150956361011,10,40,"belitz",37.2703418471057
150.702603208831,146.468424296274,153.821952695711,162.68,FALSE,-11.9773967911692,20,10,"belitz",7.35352839943721
178.309707722085,171.876473042275,184.473318728935,162.68,FALSE,15.6297077220855,20,10,"belitz",12.5968456866597
178.745244552843,174.186061166741,183.947215168942,162.68,FALSE,16.0652445528434,20,10,"belitz",9.76115400220064
154.822792737495,146.890007315119,181.274641019859,162.68,TRUE,-7.85720726250528,20,10,"belitz",34.38463370474
170.01216377809,162.616090941771,181.15154671178,162.68,TRUE,7.33216377809003,20,10,"belitz",18.5354557700088
184.98129998757,179.481518613538,188.118365237082,162.68,FALSE,22.3012999875702,20,10,"belitz",8.63684662354405
174.263256417783,168.229993609665,175.631954989219,162.68,FALSE,11.5832564177829,20,10,"belitz",7.40196137955363
175.702206492506,169.234374512267,180.498379914227,162.68,FALSE,13.022206492506,20,10,"belitz",11.2640054019598
171.414899190194,165.666318757168,177.458582157189,162.68,FALSE,8.73489919019363,20,10,"belitz",11.7922634000208
180.726718972836,174.924621086196,183.503032134954,162.68,FALSE,18.0467189728363,20,10,"belitz",8.57841104875789
181.510646488467,175.676524625199,185.811031830094,162.68,FALSE,18.8306464884674,20,10,"belitz",10.1345072048953
173.926627928709,168.02396180518,190.276400203573,162.68,FALSE,11.2466279287094,20,10,"belitz",22.2524383983934
145.262195859848,139.764331284762,183.193584055551,162.68,TRUE,-17.4178041401518,20,10,"belitz",43.429252770789
176.589888010248,170.717688811359,181.830217031856,162.68,FALSE,13.9098880102484,20,10,"belitz",11.1125282204964
185.156126553838,179.739207373475,192.38415620168,162.68,FALSE,22.4761265538381,20,10,"belitz",12.6449488282052
170.955194050562,165.715439336801,177.064025875162,162.68,FALSE,8.27519405056202,20,10,"belitz",11.3485865383619
171.737530758702,167.265793731168,176.454393295063,162.68,FALSE,9.05753075870163,20,10,"belitz",9.18859956389485
176.548230327486,170.013886087948,181.433283413304,162.68,FALSE,13.8682303274864,20,10,"belitz",11.4193973253567
171.557130005292,162.869715978624,185.828770076441,162.68,FALSE,8.87713000529232,20,10,"belitz",22.9590540978173
179.503767604389,176.022927481433,184.023130553184,162.68,FALSE,16.8237676043893,20,10,"belitz",8.00020307175146
172.260994913623,164.615981853431,185.928376594519,162.68,FALSE,9.58099491362296,20,10,"belitz",21.3123947410879
159.400916284906,153.185097602321,169.993841330775,162.68,TRUE,-3.27908371509446,20,10,"belitz",16.8087437284535
179.401994349695,170.572914951862,185.671385457671,162.68,FALSE,16.7219943496953,20,10,"belitz",15.0984705058083
163.994964406985,160.513367425699,165.732079594309,162.68,TRUE,1.31496440698459,20,10,"belitz",5.21871216860944
176.498028670255,173.054565660777,180.534103986848,162.68,FALSE,13.8180286702548,20,10,"belitz",7.47953832607061
167.186141609107,163.019181835747,176.50031251125,162.68,FALSE,4.50614160910709,20,10,"belitz",13.4811306755024
173.522155940884,167.663838005942,181.421298173955,162.68,FALSE,10.8421559408837,20,10,"belitz",13.7574601680135
182.306005770781,176.524207088448,189.469233207943,162.68,FALSE,19.6260057707805,20,10,"belitz",12.9450261194956
165.340387767274,154.257816312417,180.06247024269,162.68,TRUE,2.66038776727353,20,10,"belitz",25.804653930273
181.707058689049,174.820317057,186.306764280837,162.68,FALSE,19.0270586890486,20,10,"belitz",11.4864472238371
133.670865519837,125.866653138198,161.290708322896,119.92,FALSE,13.7508655198366,20,20,"belitz",35.4240551846985
154.791646434246,143.331840723682,164.168272398573,119.92,FALSE,34.8716464342458,20,20,"belitz",20.8364316748911
158.727811628822,147.462824445533,164.493287281054,119.92,FALSE,38.8078116288222,20,20,"belitz",17.0304628355211
156.097812215,150.618568629973,168.782663313467,119.92,FALSE,36.1778122149997,20,20,"belitz",18.1640946834935
159.548312485241,141.148033942902,175.983106826249,119.92,FALSE,39.6283124852415,20,20,"belitz",34.8350728833475
166.888232551267,155.288088737375,176.481369407499,119.92,FALSE,46.9682325512667,20,20,"belitz",21.1932806701245
129.841256764943,113.639584712674,159.62996606262,119.92,TRUE,9.92125676494281,20,20,"belitz",45.9903813499456
184.746339114627,179.474087565376,186.999919481645,119.92,FALSE,64.826339114627,20,20,"belitz",7.5258319162696
159.771405347214,146.030452064197,167.68981206887,119.92,FALSE,39.8514053472136,20,20,"belitz",21.659360004673
107.648179722664,102.328432856422,118.937379080468,119.92,FALSE,-12.2718202773356,20,20,"belitz",16.6089462240455
153.242519891934,145.672863812624,164.020793834625,119.92,FALSE,33.322519891934,20,20,"belitz",18.3479300220007
167.696736823844,157.252304870713,169.322242996209,119.92,FALSE,47.7767368238438,20,20,"belitz",12.0699381254965
158.230953605877,146.189125459712,167.598322065368,119.92,FALSE,38.3109536058773,20,20,"belitz",21.4091966056561
143.078818319586,131.959345053417,154.380772734662,119.92,FALSE,23.1588183195858,20,20,"belitz",22.4214276812453
145.594665763445,135.367322476098,151.915810317146,119.92,FALSE,25.6746657634445,20,20,"belitz",16.5484878410476
133.417218079013,120.605543205227,171.756431400894,119.92,FALSE,13.4972180790127,20,20,"belitz",51.150888195667
140.734521531178,133.609893562834,147.130026134557,119.92,FALSE,20.8145215311776,20,20,"belitz",13.5201325717232
167.946201253322,160.9145577264,171.930756626991,119.92,FALSE,48.0262012533217,20,20,"belitz",11.0161989005907
170.792750581097,164.838783850398,179.869770275217,119.92,FALSE,50.8727505810966,20,20,"belitz",15.0309864248195
167.092302578964,155.793215534772,173.090461573104,119.92,FALSE,47.1723025789639,20,20,"belitz",17.2972460383322
151.498490283082,144.896807537842,175.064921424757,119.92,FALSE,31.5784902830824,20,20,"belitz",30.1681138869145
139.137068617901,131.993762898961,162.339934413113,119.92,FALSE,19.2170686179009,20,20,"belitz",30.3461715141523
166.441381070311,156.380261545305,172.066351689314,119.92,FALSE,46.5213810703105,20,20,"belitz",15.6860901440088
166.675556274672,159.292091149846,170.328361239077,119.92,FALSE,46.7555562746719,20,20,"belitz",11.0362700892315
164.925629772773,158.275560991116,168.704370938144,119.92,FALSE,45.0056297727731,20,20,"belitz",10.4288099470281
144.799702937662,133.779505670417,153.514363544637,119.92,FALSE,24.879702937662,20,20,"belitz",19.7348578742204
149.054509219292,139.026739345801,157.553866036559,119.92,FALSE,29.1345092192923,20,20,"belitz",18.5271266907577
105.960414938044,95.2602792782086,112.994068476548,119.92,FALSE,-13.9595850619557,20,20,"belitz",17.7337891983392
146.467072772129,134.946544447722,153.421511281236,119.92,FALSE,26.5470727721285,20,20,"belitz",18.4749668335141
155.243201390782,143.916333183353,163.311585592465,119.92,FALSE,35.3232013907822,20,20,"belitz",19.3952524091119
75.5621952442939,52.7211825818048,84.8459899585208,35.88,FALSE,39.6821952442939,20,40,"belitz",32.1248073767159
111.126106935247,103.192571228961,141.096143730456,35.88,FALSE,75.2461069352469,20,40,"belitz",37.9035725014946
127.558561432465,117.525461450332,134.246468770889,35.88,FALSE,91.6785614324651,20,40,"belitz",16.7210073205571
106.19515796828,96.4498491262102,111.304021452564,35.88,FALSE,70.3151579682799,20,40,"belitz",14.8541723263542
72.3589157927751,62.1552838353881,84.8424769674756,35.88,FALSE,36.4789157927751,20,40,"belitz",22.6871931320875
98.0900585611099,85.4763675268266,111.881786269944,35.88,FALSE,62.2100585611099,20,40,"belitz",26.4054187431172
-3.78129575553749,-21.3290402433934,15.0682173670265,35.88,FALSE,-39.6612957555375,20,40,"belitz",36.3972576104199
143.258257987667,134.697565791009,152.330899739447,35.88,FALSE,107.378257987667,20,40,"belitz",17.633333948438
133.194526666765,118.874839801304,155.898847422072,35.88,FALSE,97.3145266667646,20,40,"belitz",37.024007620768
78.7349605014063,56.7701320313683,94.5192554755815,35.88,FALSE,42.8549605014063,20,40,"belitz",37.7491234442132
91.9029887508213,67.1971956282746,137.763196795256,35.88,FALSE,56.0229887508213,20,40,"belitz",70.5660011669816
152.615075620588,148.15828076709,163.402887797281,35.88,FALSE,116.735075620588,20,40,"belitz",15.2446070301912
126.563938213779,112.397061700539,134.382312193918,35.88,FALSE,90.6839382137786,20,40,"belitz",21.9852504933792
147.954662755051,139.319245871252,153.878065266138,35.88,FALSE,112.074662755051,20,40,"belitz",14.5588193948858
126.544180860581,118.255775571558,167.241142341402,35.88,FALSE,90.6641808605805,20,40,"belitz",48.9853667698435
101.709401813254,89.0666417135372,111.303722318595,35.88,FALSE,65.8294018132543,20,40,"belitz",22.2370806050581
99.1991399558281,83.99965075811,148.936161437587,35.88,FALSE,63.3191399558281,20,40,"belitz",64.9365106794768
85.9516278250988,70.6239438107266,112.788222947492,35.88,FALSE,50.0716278250988,20,40,"belitz",42.1642791367658
151.720267111997,143.627181671172,163.981617363593,35.88,FALSE,115.840267111997,20,40,"belitz",20.3544356924205
81.2785256518643,71.1946489789827,102.070238541511,35.88,FALSE,45.3985256518643,20,40,"belitz",30.8755895625282
53.6671290656579,35.1477687600211,68.601445702878,35.88,TRUE,17.7871290656579,20,40,"belitz",33.453676942857
76.298444885216,67.0553014966966,87.1013478105207,35.88,FALSE,40.418444885216,20,40,"belitz",20.0460463138241
131.947834552245,116.130885217078,161.432051926236,35.88,FALSE,96.0678345522453,20,40,"belitz",45.3011667091583
84.8041327965314,74.1933145592616,118.758914294122,35.88,FALSE,48.9241327965314,20,40,"belitz",44.5655997348608
120.167816742217,95.986556613501,148.54963633735,35.88,FALSE,84.2878167422171,20,40,"belitz",52.5630797238486
115.882075020294,100.52451706568,130.351182458799,35.88,FALSE,80.0020750202941,20,40,"belitz",29.8266653931195
26.8828258576414,7.40416835415178,29.5053377765061,35.88,FALSE,-8.99717414235855,20,40,"belitz",22.1011694223544
114.424504283408,95.0704939222758,118.119524253217,35.88,FALSE,78.5445042834082,20,40,"belitz",23.0490303309412
121.621219289003,107.950528301945,131.149802935948,35.88,FALSE,85.7412192890032,20,40,"belitz",23.1992746340022
129.854654767095,117.878510324882,159.912032406935,35.88,FALSE,93.9746547670952,20,40,"belitz",42.0335220820529
180.254483553306,178.346677600762,184.829460791029,162.68,FALSE,17.5744835533059,50,10,"belitz",6.48278319026633
180.487155086257,178.846785917113,183.374826544437,162.68,FALSE,17.807155086257,50,10,"belitz",4.528040627324
176.412881718457,170.981080876942,181.459073013869,162.68,FALSE,13.7328817184568,50,10,"belitz",10.4779921369269
165.164954989796,160.414709966782,177.82847260458,162.68,TRUE,2.48495498979563,50,10,"belitz",17.4137626377982
162.981346115554,155.37589847322,176.823937651018,162.68,TRUE,0.301346115554082,50,10,"belitz",21.4480391777976
165.171161025822,157.233374049805,178.088976324797,162.68,TRUE,2.49116102582244,50,10,"belitz",20.8556022749919
162.560640725324,155.55255653004,175.860567382798,162.68,TRUE,-0.11935927467556,50,10,"belitz",20.3080108527574
172.628803425146,168.489799678193,179.660387904746,162.68,FALSE,9.94880342514574,50,10,"belitz",11.1705882265523
180.251997085639,176.089984509489,185.103694019385,162.68,FALSE,17.5719970856386,50,10,"belitz",9.01370950989548
177.377481858084,174.125659441078,179.793326719725,162.68,FALSE,14.6974818580837,50,10,"belitz",5.66766727864714
165.789507125757,161.328694511599,178.782968888312,162.68,TRUE,3.10950712575683,50,10,"belitz",17.4542743767131
175.962198231879,173.444949027991,181.423752454816,162.68,FALSE,13.2821982318794,50,10,"belitz",7.97880342682484
174.210328954124,169.82514461958,178.137980131255,162.68,FALSE,11.5303289541237,50,10,"belitz",8.31283551167576
172.015434761199,168.272672941565,181.869424258631,162.68,FALSE,9.33543476119925,50,10,"belitz",13.5967513170664
177.430925051197,172.636745009847,179.127269490204,162.68,FALSE,14.750925051197,50,10,"belitz",6.4905244803567
178.156547626684,174.853222806293,182.879725441603,162.68,FALSE,15.4765476266839,50,10,"belitz",8.02650263530964
160.757881102641,154.482825043872,177.698210705293,162.68,TRUE,-1.92211889735933,50,10,"belitz",23.2153856614206
173.873943684389,169.735139076194,179.956295437396,162.68,FALSE,11.1939436843887,50,10,"belitz",10.2211563612019
163.639229204984,157.831796444451,167.113974189336,162.68,TRUE,0.959229204983671,50,10,"belitz",9.28217774488482
170.87022127323,167.59038197405,174.983916239224,162.68,FALSE,8.19022127322989,50,10,"belitz",7.39353426517383
153.731476677911,150.02053657277,157.357832999816,162.68,FALSE,-8.94852332208907,50,10,"belitz",7.33729642704606
158.650051333014,143.629157317457,174.892041561209,162.68,TRUE,-4.02994866698575,50,10,"belitz",31.2628842437524
168.277082705012,163.93156228577,174.726557147196,162.68,FALSE,5.59708270501218,50,10,"belitz",10.7949948614264
173.182826057353,168.420331924731,180.92735104113,162.68,FALSE,10.5028260573528,50,10,"belitz",12.5070191163989
178.254618615819,173.601950582792,183.219457020101,162.68,FALSE,15.5746186158189,50,10,"belitz",9.61750643730909
173.509283132287,168.832543468767,181.72944926841,162.68,FALSE,10.829283132287,50,10,"belitz",12.8969057996435
165.118587861691,159.591146109447,181.477587203613,162.68,TRUE,2.43858786169113,50,10,"belitz",21.8864410941656
167.470732408732,159.268974823997,180.676938889473,162.68,TRUE,4.79073240873245,50,10,"belitz",21.4079640654754
179.749204912276,175.117790237195,180.30305010907,162.68,FALSE,17.0692049122763,50,10,"belitz",5.18525987187499
159.667840095894,154.987149720429,182.459704106624,162.68,TRUE,-3.01215990410617,50,10,"belitz",27.4725543861954
136.801655096077,127.76063890869,155.596189767206,119.92,FALSE,16.8816550960766,50,20,"belitz",27.8355508585165
158.160510896367,147.76608372553,162.719661181922,119.92,FALSE,38.240510896367,50,20,"belitz",14.953577456392
156.950846792848,153.816011319116,159.267394722598,119.92,FALSE,37.030846792848,50,20,"belitz",5.45138340348237
161.482146459463,157.656851737849,169.8584277912,119.92,FALSE,41.5621464594631,50,20,"belitz",12.2015760533515
142.516517605688,134.765829174929,146.533783500775,119.92,FALSE,22.5965176056884,50,20,"belitz",11.7679543258456
145.431053520993,138.876774446461,156.406049080121,119.92,FALSE,25.5110535209928,50,20,"belitz",17.5292746336605
154.739058075084,149.285856227839,164.833648496186,119.92,FALSE,34.819058075084,50,20,"belitz",15.5477922683475
143.817018560655,137.938075888663,150.35745525746,119.92,FALSE,23.8970185606548,50,20,"belitz",12.4193793687967
150.555741714105,143.500203219492,154.764592002596,119.92,FALSE,30.6357417141052,50,20,"belitz",11.2643887831045
142.678019645128,128.813509133639,164.713743070825,119.92,FALSE,22.7580196451277,50,20,"belitz",35.9002339371857
164.640689244327,160.585053865363,169.643906168839,119.92,FALSE,44.7206892443272,50,20,"belitz",9.0588523034759
138.291669808594,132.535090951501,155.559952001005,119.92,FALSE,18.3716698085938,50,20,"belitz",23.0248610495034
167.064796054802,164.517850703358,168.204126950929,119.92,FALSE,47.1447960548023,50,20,"belitz",3.6862762475715
175.235564036268,172.232379866206,175.597988877205,119.92,FALSE,55.3155640362679,50,20,"belitz",3.36560901099926
136.095352123145,129.955557353917,168.417859822872,119.92,FALSE,16.1753521231445,50,20,"belitz",38.4623024689549
163.819099177756,159.786008088942,166.169061926805,119.92,FALSE,43.899099177756,50,20,"belitz",6.38305383786232
158.297035301898,154.642201704588,162.341717005781,119.92,FALSE,38.3770353018979,50,20,"belitz",7.69951530119312
165.519237827433,162.93289106593,172.013865914727,119.92,FALSE,45.5992378274331,50,20,"belitz",9.08097484879733
161.404560172038,157.604386344947,163.554850783469,119.92,FALSE,41.484560172038,50,20,"belitz",5.95046443852246
156.279668853867,149.99728514393,166.898944010957,119.92,FALSE,36.3596688538666,50,20,"belitz",16.9016588670273
171.960946250406,165.127771207818,176.445128051909,119.92,FALSE,52.0409462504056,50,20,"belitz",11.3173568440918
154.01289643373,147.894582607724,161.138636746615,119.92,FALSE,34.0928964337301,50,20,"belitz",13.2440541388915
141.360471943861,136.884908836221,146.988857854814,119.92,FALSE,21.4404719438612,50,20,"belitz",10.1039490185928
115.188408614613,111.863656302045,116.787735900305,119.92,FALSE,-4.73159138538728,50,20,"belitz",4.92407959825979
162.986543651923,160.024095590413,170.026365919278,119.92,FALSE,43.0665436519225,50,20,"belitz",10.0022703288649
161.377524070349,158.875024478503,167.249565526636,119.92,FALSE,41.4575240703492,50,20,"belitz",8.37454104813301
159.182100994042,154.426636014981,171.998541930843,119.92,FALSE,39.2621009940422,50,20,"belitz",17.5719059158621
149.204520318489,143.90361180301,168.796823573473,119.92,FALSE,29.2845203184886,50,20,"belitz",24.8932117704622
160.653825836416,156.224721455978,169.809560139644,119.92,FALSE,40.7338258364162,50,20,"belitz",13.5848386836655
144.834682467591,138.028086346398,174.593067317958,119.92,FALSE,24.9146824675911,50,20,"belitz",36.5649809715592
101.880741407995,93.1681835431751,129.852811649022,35.88,FALSE,66.0007414079953,50,40,"belitz",36.6846281058468
96.7723965242894,92.1155260990392,109.707728793046,35.88,FALSE,60.8923965242894,50,40,"belitz",17.5922026940065
101.529208267862,90.5575323873791,119.792710638339,35.88,FALSE,65.6492082678624,50,40,"belitz",29.2351782509603
-4.30790271457284,-12.0580924127179,6.80845852909449,35.88,FALSE,-40.1879027145728,50,40,"belitz",18.8665509418124
21.0088341287601,4.66353951773844,45.3563062990131,35.88,TRUE,-14.8711658712399,50,40,"belitz",40.6927667812747
94.2844285914025,83.3076590415679,120.867750428596,35.88,FALSE,58.4044285914025,50,40,"belitz",37.5600913870281
164.285041145348,163.004873702088,170.766562680571,35.88,FALSE,128.405041145348,50,40,"belitz",7.76168897848325
103.175382961934,94.8861496108061,132.827943358576,35.88,FALSE,67.2953829619337,50,40,"belitz",37.9417937477695
104.754002565541,96.6620158711237,121.181004642426,35.88,FALSE,68.874002565541,50,40,"belitz",24.5189887713027
128.977660207225,126.258402931058,129.823849113286,35.88,FALSE,93.0976602072254,50,40,"belitz",3.56544618222769
130.846721082275,127.266862610818,142.377169660576,35.88,FALSE,94.9667210822753,50,40,"belitz",15.1103070497573
126.203248157187,120.970727523204,161.759168112312,35.88,FALSE,90.3232481571874,50,40,"belitz",40.7884405891076
91.3986107898455,71.9604537524806,120.005508474781,35.88,FALSE,55.5186107898455,50,40,"belitz",48.0450547223008
26.4563139266166,14.1843062735323,137.696707017562,35.88,TRUE,-9.42368607338343,50,40,"belitz",123.51240074403
124.580510880481,116.603656410875,129.245991189893,35.88,FALSE,88.7005108804811,50,40,"belitz",12.6423347790181
109.538005245239,103.849332926656,124.384600831966,35.88,FALSE,73.6580052452387,50,40,"belitz",20.5352679053097
112.694118621212,104.91241766407,136.570894227843,35.88,FALSE,76.8141186212123,50,40,"belitz",31.6584765637729
111.011379177992,101.751634752264,130.025416356317,35.88,FALSE,75.131379177992,50,40,"belitz",28.2737816040529
106.851066192979,92.6820778555613,131.825614217018,35.88,FALSE,70.9710661929786,50,40,"belitz",39.1435363614571
94.6960050549998,81.7890385806379,105.417786276716,35.88,FALSE,58.8160050549998,50,40,"belitz",23.628747696078
121.737220447378,108.206392185218,129.881366627527,35.88,FALSE,85.8572204473779,50,40,"belitz",21.6749744423083
136.661883174064,129.88320695901,139.527561267305,35.88,FALSE,100.781883174064,50,40,"belitz",9.64435430829442
112.697853781642,103.279805415942,124.00485625163,35.88,FALSE,76.817853781642,50,40,"belitz",20.7250508356878
140.768062212824,136.978024547513,146.072301391631,35.88,FALSE,104.888062212824,50,40,"belitz",9.09427684411722
30.8339235657566,25.1733359322875,36.2996245362982,35.88,TRUE,-5.04607643424336,50,40,"belitz",11.1262886040107
156.789061702322,153.541112016263,159.751314209799,35.88,FALSE,120.909061702322,50,40,"belitz",6.21020219353576
125.114791652262,115.148237015142,145.291963900003,35.88,FALSE,89.2347916522616,50,40,"belitz",30.1437268848602
113.76199195232,103.721979719936,155.844252124851,35.88,FALSE,77.8819919523198,50,40,"belitz",52.1222724049148
110.759559591564,106.298514318209,118.896870433147,35.88,FALSE,74.8795595915642,50,40,"belitz",12.5983561149388
88.9803466189892,76.4536922743945,137.105870630448,35.88,FALSE,53.1003466189892,50,40,"belitz",60.6521783560532
218.572542973159,217.614491474644,227.52834113556,162.68,FALSE,55.8925429731591,10,10,"pearse",9.9138496609157
212.241797691604,211.193742571695,221.030183988978,162.68,FALSE,49.5617976916036,10,10,"pearse",9.83644141728266
222.503546494717,215.728373304211,250.398873314854,162.68,FALSE,59.8235464947168,10,10,"pearse",34.6705000106429
206.987499052153,205.930989684185,216.219035041405,162.68,FALSE,44.3074990521534,10,10,"pearse",10.2880453572194
235.21224109736,224.022385551046,287.386091348166,162.68,FALSE,72.5322410973598,10,10,"pearse",63.3637057971202
241.390317108634,227.063803828572,311.139028514994,162.68,FALSE,78.7103171086341,10,10,"pearse",84.0752246864222
213.679369446905,211.551862878254,225.484138289873,162.68,FALSE,50.9993694469047,10,10,"pearse",13.9322754116194
228.201699308586,220.069689636775,262.627466807218,162.68,FALSE,65.5216993085859,10,10,"pearse",42.5577771704433
216.248973337672,214.380616636133,227.627834720824,162.68,FALSE,53.5689733376717,10,10,"pearse",13.247218084691
222.560267217205,218.987419247094,241.280040765036,162.68,FALSE,59.8802672172047,10,10,"pearse",22.2926215179427
227.759293399943,219.501452550764,265.251594140872,162.68,FALSE,65.0792933999435,10,10,"pearse",45.7501415901083
228.435239459701,220.778035648165,261.450610867952,162.68,FALSE,65.7552394597012,10,10,"pearse",40.6725752197871
211.349487418637,209.046311459835,224.23068005889,162.68,FALSE,48.6694874186375,10,10,"pearse",15.1843685990546
214.76089152252,212.495672626717,226.547542029454,162.68,FALSE,52.0808915225199,10,10,"pearse",14.0518694027372
219.918805625313,212.063944117149,253.581191148216,162.68,FALSE,57.2388056253134,10,10,"pearse",41.517247031067
225.490479010495,218.860945644782,271.07012804076,162.68,FALSE,62.8104790104952,10,10,"pearse",52.2091823959786
221.700027618884,215.925852014918,245.841502240413,162.68,FALSE,59.0200276188837,10,10,"pearse",29.9156502254953
217.622849800524,213.566755739621,234.565441027759,162.68,FALSE,54.942849800524,10,10,"pearse",20.9986852881385
240.695013595136,227.906920116362,303.026770954341,162.68,FALSE,78.0150135951362,10,10,"pearse",75.1198508379796
205.452764780778,203.489974499951,215.842553489178,162.68,FALSE,42.7727647807783,10,10,"pearse",12.3525789892263
220.881383002937,213.705392638479,250.719032608135,162.68,FALSE,58.2013830029372,10,10,"pearse",37.0136399696567
222.246947008299,214.623021178226,257.883093844804,162.68,FALSE,59.5669470082993,10,10,"pearse",43.2600726665784
225.101031343984,218.191374496871,253.658217271712,162.68,FALSE,62.4210313439839,10,10,"pearse",35.466842774841
214.78035151512,212.686990173956,228.657384123704,162.68,FALSE,52.1003515151197,10,10,"pearse",15.9703939497488
227.677346954354,220.956755157188,256.489505629671,162.68,FALSE,64.9973469543543,10,10,"pearse",35.5327504724831
212.639287472811,210.698278704579,222.440560149257,162.68,FALSE,49.9592874728112,10,10,"pearse",11.7422814446779
230.030686058812,222.187745559196,271.033402532613,162.68,FALSE,67.3506860588122,10,10,"pearse",48.8456569734169
219.098724553953,213.051620220408,244.55163590949,162.68,FALSE,56.4187245539526,10,10,"pearse",31.5000156890822
227.045481225416,219.28365471345,259.132190483247,162.68,FALSE,64.3654812254159,10,10,"pearse",39.8485357697976
218.151338474754,213.229789847362,238.579284995205,162.68,FALSE,55.4713384747539,10,10,"pearse",25.3494951478434
232.362541409343,227.399363908091,262.261145905412,119.92,FALSE,112.442541409343,10,20,"pearse",34.8617819973206
241.819497723886,229.907960693442,291.226440723809,119.92,FALSE,121.899497723886,10,20,"pearse",61.3184800303669
248.472368616912,236.379853589313,299.696792642947,119.92,FALSE,128.552368616912,10,20,"pearse",63.3169390536342
239.117050504748,229.867534701721,277.319001755561,119.92,FALSE,119.197050504748,10,20,"pearse",47.4514670538401
217.912703233371,213.458185733429,243.002394864644,119.92,FALSE,97.9927032333707,10,20,"pearse",29.5442091312146
256.847335852427,241.73971022223,321.798567203124,119.92,FALSE,136.927335852427,10,20,"pearse",80.0588569808935
240.026262555194,235.108880188502,267.871870039001,119.92,FALSE,120.106262555194,10,20,"pearse",32.7629898504989
235.810056726219,224.507830795956,289.120276019825,119.92,FALSE,115.890056726219,10,20,"pearse",64.6124452238693
246.646200199187,234.125387268912,299.899906429537,119.92,FALSE,126.726200199187,10,20,"pearse",65.7745191606245
245.009868953782,236.961138618965,280.715469488459,119.92,FALSE,125.089868953782,10,20,"pearse",43.7543308694931
225.04446369186,222.370866235133,242.777000271291,119.92,FALSE,105.12446369186,10,20,"pearse",20.4061340361572
272.487352587398,252.597569596147,367.581760973579,119.92,FALSE,152.567352587398,10,20,"pearse",114.984191377432
236.662654778321,228.729441337274,270.617544716692,119.92,FALSE,116.742654778321,10,20,"pearse",41.8881033794183
226.11835399581,221.131768454809,250.550801475623,119.92,FALSE,106.19835399581,10,20,"pearse",29.4190330208144
258.243888499976,238.361007396978,349.514160305944,119.92,FALSE,138.323888499976,10,20,"pearse",111.153152908966
220.122130810962,217.672126924906,240.157201032713,119.92,FALSE,100.202130810962,10,20,"pearse",22.4850741078063
263.840963214179,238.615940183573,380.364214524832,119.92,FALSE,143.920963214179,10,20,"pearse",141.748274341259
223.839325700304,221.648749702476,240.788657540232,119.92,FALSE,103.919325700304,10,20,"pearse",19.1399078377558
265.455298310611,246.912872313569,342.32859877577,119.92,FALSE,145.535298310611,10,20,"pearse",95.4157264622004
208.999713345439,204.807317357292,229.488988865991,119.92,FALSE,89.0797133454392,10,20,"pearse",24.6816715086984
246.671652241545,234.237869990224,300.181368111964,119.92,FALSE,126.751652241545,10,20,"pearse",65.94349812174
267.1806567236,251.053706060954,336.052014485053,119.92,FALSE,147.2606567236,10,20,"pearse",84.9983084240995
258.403863785875,240.732121601278,335.180816869406,119.92,FALSE,138.483863785875,10,20,"pearse",94.448695268128
262.12746716309,241.129115404121,356.840332382323,119.92,FALSE,142.20746716309,10,20,"pearse",115.711216978201
253.824809335084,235.120439859822,333.830878418534,119.92,FALSE,133.904809335084,10,20,"pearse",98.7104385587126
247.45617744807,236.302395259918,294.445905969575,119.92,FALSE,127.53617744807,10,20,"pearse",58.1435107096576
268.401734474426,248.112334642954,375.030690948314,119.92,FALSE,148.481734474426,10,20,"pearse",126.91835630536
252.406454933339,243.064125415888,293.064977083249,119.92,FALSE,132.486454933339,10,20,"pearse",50.0008516673606
239.802784344718,226.538389457613,294.518337586775,119.92,FALSE,119.882784344718,10,20,"pearse",67.9799481291625
248.464752105905,240.17413978853,286.304241386033,119.92,FALSE,128.544752105905,10,20,"pearse",46.1301015975031
262.773435844738,249.858285802526,320.787496433258,35.88,FALSE,226.893435844738,10,40,"pearse",70.9292106307314
236.863612681485,233.260408412699,260.146455277236,35.88,FALSE,200.983612681485,10,40,"pearse",26.8860468645377
260.379945243488,246.87150606212,322.95857461149,35.88,FALSE,224.499945243488,10,40,"pearse",76.0870685493697
267.661640187343,260.3530762249,307.887166055149,35.88,FALSE,231.781640187343,10,40,"pearse",47.5340898302488
274.701562332755,250.11999026086,392.527247605592,35.88,FALSE,238.821562332755,10,40,"pearse",142.407257344732
321.75639255375,289.60613829851,461.671758546407,35.88,FALSE,285.87639255375,10,40,"pearse",172.065620247898
361.925549561792,319.586883123221,541.956325302529,35.88,FALSE,326.045549561792,10,40,"pearse",222.369442179307
344.021179470501,300.105885202083,617.549856115962,35.88,FALSE,308.141179470501,10,40,"pearse",317.443970913879
362.917755933417,315.425573394761,619.77803544564,35.88,FALSE,327.037755933417,10,40,"pearse",304.35246205088
297.152549050944,268.855704560321,416.46450212978,35.88,FALSE,261.272549050944,10,40,"pearse",147.608797569458
257.234053352632,250.927156433107,294.741072912898,35.88,FALSE,221.354053352632,10,40,"pearse",43.8139164797912
356.346691959956,314.385410065619,540.505176018062,35.88,FALSE,320.466691959956,10,40,"pearse",226.119765952443
267.775666396993,259.065658181631,318.600895265211,35.88,FALSE,231.895666396993,10,40,"pearse",59.5352370835803
295.545033937904,267.644737552267,418.290674383598,35.88,FALSE,259.665033937904,10,40,"pearse",150.645936831331
258.397219206001,245.142120279482,323.184596011123,35.88,FALSE,222.517219206001,10,40,"pearse",78.0424757316406
247.616105314736,231.267156727468,316.105544746177,35.88,FALSE,211.736105314736,10,40,"pearse",84.8383880187098
427.216302857275,367.126979301418,835.863143067029,35.88,FALSE,391.336302857275,10,40,"pearse",468.736163765611
284.284293874671,262.537131116738,374.477812456805,35.88,FALSE,248.404293874671,10,40,"pearse",111.940681340067
273.018454242454,251.595143646373,362.779565591464,35.88,FALSE,237.138454242454,10,40,"pearse",111.18442194509
297.378211670887,257.777114177806,477.435040091913,35.88,FALSE,261.498211670887,10,40,"pearse",219.657925914107
276.940063360078,256.227192575346,365.274129110094,35.88,FALSE,241.060063360078,10,40,"pearse",109.046936534748
256.507818935908,246.076521668014,303.112526205107,35.88,FALSE,220.627818935908,10,40,"pearse",57.0360045370932
280.225170265342,257.852683721694,376.78564042727,35.88,FALSE,244.345170265342,10,40,"pearse",118.932956705576
299.685779938562,276.857575854203,394.867668998092,35.88,FALSE,263.805779938562,10,40,"pearse",118.010093143889
234.053494283258,228.664157862238,277.268049370473,35.88,FALSE,198.173494283258,10,40,"pearse",48.603891508235
320.904773842164,283.401315646936,481.739476563762,35.88,FALSE,285.024773842164,10,40,"pearse",198.338160916826
307.120663912232,277.587678631421,444.425323150117,35.88,FALSE,271.240663912232,10,40,"pearse",166.837644518696
201.461732853719,197.701734232219,224.921316170619,35.88,FALSE,165.581732853719,10,40,"pearse",27.2195819383998
338.091714210221,299.842409902186,499.501759173025,35.88,FALSE,302.211714210221,10,40,"pearse",199.65934927084
272.606808149424,249.531498632712,369.719055097663,35.88,FALSE,236.726808149424,10,40,"pearse",120.187556464951
213.801130962495,213.414148857901,216.166635572655,162.68,FALSE,51.1211309624954,20,10,"pearse",2.75248671475333
222.93434749335,219.149882217944,234.517262129945,162.68,FALSE,60.2543474933503,20,10,"pearse",15.3673799120008
217.052246232892,214.417545716294,225.438446869095,162.68,FALSE,54.3722462328923,20,10,"pearse",11.0209011528011
225.952955726328,222.86393858723,236.860326270638,162.68,FALSE,63.2729557263278,20,10,"pearse",13.996387683408
222.742410286172,217.379951869419,241.043291335526,162.68,FALSE,60.0624102861719,20,10,"pearse",23.6633394661075
229.567615959597,223.932009828322,255.31569735578,162.68,FALSE,66.8876159595966,20,10,"pearse",31.3836875274587
220.753936721528,217.885405188784,229.796601919974,162.68,FALSE,58.073936721528,20,10,"pearse",11.91119673119
212.884455218127,210.389685402807,220.437635826072,162.68,FALSE,50.2044552181266,20,10,"pearse",10.0479504232649
213.932194025137,212.603040626025,218.919797437682,162.68,FALSE,51.2521940251371,20,10,"pearse",6.31675681165706
214.945536293403,213.838762488246,219.161920881972,162.68,FALSE,52.2655362934034,20,10,"pearse",5.32315839372586
221.624319834802,218.627110973029,230.721395567984,162.68,FALSE,58.9443198348021,20,10,"pearse",12.0942845949551
232.172036193309,227.131611193695,249.195175439557,162.68,FALSE,69.4920361933094,20,10,"pearse",22.0635642458622
226.186579984724,223.667736970996,235.543670573107,162.68,FALSE,63.5065799847242,20,10,"pearse",11.8759336021103
230.502211249019,224.738107072924,248.836080755964,162.68,FALSE,67.8222112490193,20,10,"pearse",24.0979736830398
235.672228270133,230.328679658861,253.828575364626,162.68,FALSE,72.9922282701328,20,10,"pearse",23.499895705765
226.669520895604,221.737547478555,242.066612054256,162.68,FALSE,63.9895208956039,20,10,"pearse",20.3290645757009
217.618339940935,215.294330374219,225.174475590369,162.68,FALSE,54.9383399409351,20,10,"pearse",9.88014521615008
218.203775997831,215.085907079593,227.547427381251,162.68,FALSE,55.5237759978307,20,10,"pearse",12.4615203016576
228.893184766,224.33257291755,243.84485917226,162.68,FALSE,66.2131847660002,20,10,"pearse",19.5122862547101
220.436858711543,217.940327245714,228.226092882235,162.68,FALSE,57.7568587115429,20,10,"pearse",10.2857656365209
226.94766265596,222.937795242268,239.220433782219,162.68,FALSE,64.2676626559605,20,10,"pearse",16.2826385399511
230.109708131723,225.632453921626,244.40452032079,162.68,FALSE,67.4297081317233,20,10,"pearse",18.7720663991643
223.360300825767,218.546183316881,243.950146942089,162.68,FALSE,60.6803008257673,20,10,"pearse",25.4039636252077
217.695043893593,216.121026963027,223.680733814753,162.68,FALSE,55.0150438935926,20,10,"pearse",7.5597068517263
231.032028880898,224.583884144878,252.834479580081,162.68,FALSE,68.3520288808976,20,10,"pearse",28.2505954352027
206.970021064169,206.147732030544,210.513594702862,162.68,FALSE,44.2900210641694,20,10,"pearse",4.36586267231846
214.902061629239,212.661777454943,222.030797286691,162.68,FALSE,52.2220616292389,20,10,"pearse",9.36901983174724
211.377739497273,210.292240371857,215.220946103659,162.68,FALSE,48.6977394972726,20,10,"pearse",4.92870573180173
230.731276832725,225.659762310482,246.863959619421,162.68,FALSE,68.0512768327251,20,10,"pearse",21.2041973089389
219.36560523754,216.655871449578,228.050749179857,162.68,FALSE,56.6856052375399,20,10,"pearse",11.394877730279
235.484203728766,231.84476541999,249.077397180941,119.92,FALSE,115.564203728766,20,20,"pearse",17.2326317609503
282.714565112209,265.302270641703,348.235282638243,119.92,FALSE,162.794565112209,20,20,"pearse",82.9330119965405
239.603987458865,235.164830231753,254.323234542425,119.92,FALSE,119.683987458865,20,20,"pearse",19.1584043106728
220.755522578811,218.321457459056,229.489609222453,119.92,FALSE,100.835522578811,20,20,"pearse",11.1681517633962
250.344298003252,241.397463529553,278.914657089033,119.92,FALSE,130.424298003252,20,20,"pearse",37.5171935594797
244.195209342495,236.286360096252,267.88399749977,119.92,FALSE,124.275209342495,20,20,"pearse",31.5976374035181
247.424348536691,240.741950777048,270.6706201866,119.92,FALSE,127.504348536691,20,20,"pearse",29.9286694095518
252.196019287082,242.883056037813,282.763695645888,119.92,FALSE,132.276019287082,20,20,"pearse",39.8806396080749
226.941870147488,225.041675352722,234.718523857687,119.92,FALSE,107.021870147488,20,20,"pearse",9.67684850496479
226.281031636572,224.690146083176,234.161404213164,119.92,FALSE,106.361031636572,20,20,"pearse",9.47125812998792
227.334069436986,223.085264070075,241.035398857201,119.92,FALSE,107.414069436986,20,20,"pearse",17.9501347871266
232.809320842412,224.749283377309,258.27774246649,119.92,FALSE,112.889320842412,20,20,"pearse",33.5284590891809
256.685923118649,247.074302791254,285.84581661433,119.92,FALSE,136.765923118649,20,20,"pearse",38.7715138230753
237.602381988097,233.93590270219,250.77233660501,119.92,FALSE,117.682381988097,20,20,"pearse",16.8364339028196
229.533392334137,228.035124232152,236.45079706129,119.92,FALSE,109.613392334137,20,20,"pearse",8.41567282913761
246.550027515551,240.613975831005,267.261539300828,119.92,FALSE,126.630027515551,20,20,"pearse",26.6475634698224
227.605734992821,226.702028597777,232.490792408797,119.92,FALSE,107.685734992821,20,20,"pearse",5.78876381101952
251.923272929769,243.106483230414,280.731720901595,119.92,FALSE,132.003272929769,20,20,"pearse",37.6252376711809
246.684157027652,238.012313618403,273.364388475075,119.92,FALSE,126.764157027652,20,20,"pearse",35.352074856672
282.549285296544,266.9329215059,354.691951734768,119.92,FALSE,162.629285296544,20,20,"pearse",87.7590302288687
235.516113795459,229.149008749004,255.472777933563,119.92,FALSE,115.596113795459,20,20,"pearse",26.3237691845587
229.582681926096,227.511490532169,237.895547358596,119.92,FALSE,109.662681926096,20,20,"pearse",10.384056826427
264.92636656207,252.10912006484,308.603656360468,119.92,FALSE,145.00636656207,20,20,"pearse",56.4945362956275
243.397862929366,236.184977125698,264.568110567427,119.92,FALSE,123.477862929366,20,20,"pearse",28.3831334417291
228.210934172806,225.199269775892,238.485863381008,119.92,FALSE,108.290934172806,20,20,"pearse",13.2865936051153
234.010965631772,230.780793379157,245.722620695794,119.92,FALSE,114.090965631772,20,20,"pearse",14.9418273166374
264.399336974019,252.951217393907,299.134364173398,119.92,FALSE,144.479336974019,20,20,"pearse",46.1831467794911
250.667283092895,244.875743906143,271.348975292379,119.92,FALSE,130.747283092895,20,20,"pearse",26.4732313862361
233.990458504867,230.915896807597,245.313641152176,119.92,FALSE,114.070458504867,20,20,"pearse",14.3977443445796
264.289767931718,253.262478401799,299.318169273847,119.92,FALSE,144.369767931718,20,20,"pearse",46.0556908720481
262.773435844738,249.858285802526,320.787496433258,35.88,FALSE,226.893435844738,10,40,"pearse",70.9292106307314
236.863612681485,233.260408412699,260.146455277236,35.88,FALSE,200.983612681485,10,40,"pearse",26.8860468645377
260.379945243488,246.87150606212,322.95857461149,35.88,FALSE,224.499945243488,10,40,"pearse",76.0870685493697
267.661640187343,260.3530762249,307.887166055149,35.88,FALSE,231.781640187343,10,40,"pearse",47.5340898302488
274.701562332755,250.11999026086,392.527247605592,35.88,FALSE,238.821562332755,10,40,"pearse",142.407257344732
321.75639255375,289.60613829851,461.671758546407,35.88,FALSE,285.87639255375,10,40,"pearse",172.065620247898
361.925549561792,319.586883123221,541.956325302529,35.88,FALSE,326.045549561792,10,40,"pearse",222.369442179307
344.021179470501,300.105885202083,617.549856115962,35.88,FALSE,308.141179470501,10,40,"pearse",317.443970913879
362.917755933417,315.425573394761,619.77803544564,35.88,FALSE,327.037755933417,10,40,"pearse",304.35246205088
297.152549050944,268.855704560321,416.46450212978,35.88,FALSE,261.272549050944,10,40,"pearse",147.608797569458
257.234053352632,250.927156433107,294.741072912898,35.88,FALSE,221.354053352632,10,40,"pearse",43.8139164797912
356.346691959956,314.385410065619,540.505176018062,35.88,FALSE,320.466691959956,10,40,"pearse",226.119765952443
267.775666396993,259.065658181631,318.600895265211,35.88,FALSE,231.895666396993,10,40,"pearse",59.5352370835803
295.545033937904,267.644737552267,418.290674383598,35.88,FALSE,259.665033937904,10,40,"pearse",150.645936831331
258.397219206001,245.142120279482,323.184596011123,35.88,FALSE,222.517219206001,10,40,"pearse",78.0424757316406
247.616105314736,231.267156727468,316.105544746177,35.88,FALSE,211.736105314736,10,40,"pearse",84.8383880187098
427.216302857275,367.126979301418,835.863143067029,35.88,FALSE,391.336302857275,10,40,"pearse",468.736163765611
284.284293874671,262.537131116738,374.477812456805,35.88,FALSE,248.404293874671,10,40,"pearse",111.940681340067
273.018454242454,251.595143646373,362.779565591464,35.88,FALSE,237.138454242454,10,40,"pearse",111.18442194509
297.378211670887,257.777114177806,477.435040091913,35.88,FALSE,261.498211670887,10,40,"pearse",219.657925914107
276.940063360078,256.227192575346,365.274129110094,35.88,FALSE,241.060063360078,10,40,"pearse",109.046936534748
256.507818935908,246.076521668014,303.112526205107,35.88,FALSE,220.627818935908,10,40,"pearse",57.0360045370932
280.225170265342,257.852683721694,376.78564042727,35.88,FALSE,244.345170265342,10,40,"pearse",118.932956705576
299.685779938562,276.857575854203,394.867668998092,35.88,FALSE,263.805779938562,10,40,"pearse",118.010093143889
234.053494283258,228.664157862238,277.268049370473,35.88,FALSE,198.173494283258,10,40,"pearse",48.603891508235
320.904773842164,283.401315646936,481.739476563762,35.88,FALSE,285.024773842164,10,40,"pearse",198.338160916826
307.120663912232,277.587678631421,444.425323150117,35.88,FALSE,271.240663912232,10,40,"pearse",166.837644518696
201.461732853719,197.701734232219,224.921316170619,35.88,FALSE,165.581732853719,10,40,"pearse",27.2195819383998
338.091714210221,299.842409902186,499.501759173025,35.88,FALSE,302.211714210221,10,40,"pearse",199.65934927084
272.606808149424,249.531498632712,369.719055097663,35.88,FALSE,236.726808149424,10,40,"pearse",120.187556464951
224.787707886415,222.654021336745,231.331104234417,162.68,FALSE,62.1077078864154,50,10,"pearse",8.67708289767174
226.231836326534,223.801115806608,233.034063748641,162.68,FALSE,63.5518363265342,50,10,"pearse",9.23294794203352
216.339139964035,215.341012231561,219.242728054849,162.68,FALSE,53.6591399640346,50,10,"pearse",3.90171582328796
227.357314987803,225.804305475245,232.858365633511,162.68,FALSE,64.6773149878034,50,10,"pearse",7.05406015826603
219.074403343162,217.893429521595,223.332435053037,162.68,FALSE,56.3944033431616,50,10,"pearse",5.43900553144246
234.594553964888,232.133454964315,243.468555704615,162.68,FALSE,71.9145539648881,50,10,"pearse",11.3351007403006
225.657877434886,224.188693538804,231.528054951453,162.68,FALSE,62.9778774348856,50,10,"pearse",7.33936141264871
219.433981664708,218.347569323002,222.666340698776,162.68,FALSE,56.7539816647081,50,10,"pearse",4.31877137577405
221.628816471291,219.969995856965,227.03009617014,162.68,FALSE,58.9488164712914,50,10,"pearse",7.06010031317504
226.142211456529,224.325267138681,233.058998570838,162.68,FALSE,63.4622114565287,50,10,"pearse",8.73373143215721
216.786634130114,215.974936190021,219.270824137535,162.68,FALSE,54.1066341301136,50,10,"pearse",3.29588794751371
217.32125519138,216.119618124159,220.615493407035,162.68,FALSE,54.6412551913802,50,10,"pearse",4.49587528287628
222.120600985221,220.979433278767,225.544569687108,162.68,FALSE,59.4406009852213,50,10,"pearse",4.56513640834083
221.715562759566,220.278297443112,226.066152792124,162.68,FALSE,59.0355627595665,50,10,"pearse",5.78785534901169
228.425204269472,225.82130195285,236.646488453552,162.68,FALSE,65.7452042694715,50,10,"pearse",10.8251865007018
213.787275292513,213.023204039909,215.966807830961,162.68,FALSE,51.1072752925133,50,10,"pearse",2.94360379105188
226.341579102732,225.005850905435,230.368103057328,162.68,FALSE,63.6615791027324,50,10,"pearse",5.36225215189259
226.825439464587,224.97837518007,233.765674913721,162.68,FALSE,64.1454394645871,50,10,"pearse",8.78729973365131
212.694004915046,212.051357875653,214.721113503252,162.68,FALSE,50.0140049150465,50,10,"pearse",2.66975562759964
216.057664558656,215.399138990187,218.088518124535,162.68,FALSE,53.3776645586561,50,10,"pearse",2.6893791343476
216.447465162609,215.857757171238,218.131764434935,162.68,FALSE,53.7674651626093,50,10,"pearse",2.27400726369703
234.094541679292,232.682454208189,244.747534863101,162.68,FALSE,71.4145416792917,50,10,"pearse",12.065080654912
218.175164580025,217.191978934567,221.187772915343,162.68,FALSE,55.4951645800254,50,10,"pearse",3.99579398077549
220.581110213273,219.224244435745,225.174315455008,162.68,FALSE,57.9011102132726,50,10,"pearse",5.95007101926265
219.928271385714,218.614464936565,223.450402027579,162.68,FALSE,57.2482713857144,50,10,"pearse",4.83593709101385
218.985453864903,217.732178688033,222.653155719746,162.68,FALSE,56.3054538649026,50,10,"pearse",4.92097703171345
222.895119502462,221.57497295458,227.060912140997,162.68,FALSE,60.2151195024623,50,10,"pearse",5.48593918641654
225.020714368727,223.644863519718,230.819002050419,162.68,FALSE,62.340714368727,50,10,"pearse",7.17413853070113
229.188258676017,226.39503442485,238.924064577766,162.68,FALSE,66.5082586760174,50,10,"pearse",12.5290301529159
221.17223779072,220.467241510231,223.485094744953,162.68,FALSE,58.4922377907196,50,10,"pearse",3.01785323472208
247.138476067098,244.440587404693,255.542501278719,119.92,FALSE,127.218476067098,50,20,"pearse",11.1019138740257
250.350504637589,247.256393460949,260.110285119888,119.92,FALSE,130.430504637589,50,20,"pearse",12.8538916589384
253.283628520717,249.810968383431,263.119983096474,119.92,FALSE,133.363628520717,50,20,"pearse",13.3090147130432
238.217625537845,235.507306390356,245.836335475508,119.92,FALSE,118.297625537845,50,20,"pearse",10.3290290851517
249.046605088322,246.274486750597,257.990863184111,119.92,FALSE,129.126605088322,50,20,"pearse",11.7163764335141
239.355009677796,236.802947283253,247.313891715667,119.92,FALSE,119.435009677796,50,20,"pearse",10.5109444324138
249.439216200822,245.468953368404,261.188596413283,119.92,FALSE,129.519216200822,50,20,"pearse",15.7196430448796
243.256539526512,241.518544543245,248.568916046842,119.92,FALSE,123.336539526512,50,20,"pearse",7.05037150359743
238.064947181262,235.041523772597,246.899801378985,119.92,FALSE,118.144947181262,50,20,"pearse",11.8582776063879
286.829071855113,282.272878145632,327.909440648944,119.92,FALSE,166.909071855113,50,20,"pearse",45.6365625033114
249.521395058583,244.942165913488,268.549591798824,119.92,FALSE,129.601395058583,50,20,"pearse",23.6074258853362
229.766857363432,228.221940952157,234.496980310252,119.92,FALSE,109.846857363432,50,20,"pearse",6.27503935809457
249.31912648219,245.722658956026,258.874963997349,119.92,FALSE,129.39912648219,50,20,"pearse",13.1523050413233
255.639220352151,250.364746173457,270.238821786242,119.92,FALSE,135.719220352151,50,20,"pearse",19.8740756127856
250.018266031341,247.375986437006,258.096516812867,119.92,FALSE,130.098266031341,50,20,"pearse",10.7205303758612
248.15396563504,244.924014026296,256.585438318674,119.92,FALSE,128.23396563504,50,20,"pearse",11.6614242923773
239.586923961713,236.992288081692,246.900199155578,119.92,FALSE,119.666923961713,50,20,"pearse",9.90791107388591
247.524318580399,244.784650492903,254.774616416648,119.92,FALSE,127.604318580399,50,20,"pearse",9.98996592374536
254.90166131065,249.761087583655,270.041862249175,119.92,FALSE,134.98166131065,50,20,"pearse",20.28077466552
247.743080819344,244.413180086422,258.394342561175,119.92,FALSE,127.823080819344,50,20,"pearse",13.9811624747528
250.664476070816,246.83208027167,260.990539072679,119.92,FALSE,130.744476070816,50,20,"pearse",14.1584588010097
258.088320267192,252.966714294359,272.846610814296,119.92,FALSE,138.168320267192,50,20,"pearse",19.8798965199372
259.069789036209,254.465851711613,274.485016584361,119.92,FALSE,139.149789036209,50,20,"pearse",20.0191648727478
242.840121594025,241.133568063331,248.055550589472,119.92,FALSE,122.920121594025,50,20,"pearse",6.92198252614043
244.547437981588,240.864023757907,254.784184643669,119.92,FALSE,124.627437981588,50,20,"pearse",13.9201608857626
245.059132570149,241.048973762463,256.858070006337,119.92,FALSE,125.139132570149,50,20,"pearse",15.8090962438744
254.359037188539,251.385406970987,264.030266483618,119.92,FALSE,134.439037188539,50,20,"pearse",12.6448595126307
247.019973352071,243.940478599229,255.991624153706,119.92,FALSE,127.099973352071,50,20,"pearse",12.0511455544772
269.909729057858,264.128339123308,298.50399203318,119.92,FALSE,149.989729057858,50,20,"pearse",34.3756529098723
244.628084799641,242.50805523999,250.98125002784,119.92,FALSE,124.708084799641,50,20,"pearse",8.47319478785016
262.773435844738,249.858285802526,320.787496433258,35.88,FALSE,226.893435844738,10,40,"pearse",70.9292106307314
236.863612681485,233.260408412699,260.146455277236,35.88,FALSE,200.983612681485,10,40,"pearse",26.8860468645377
260.379945243488,246.87150606212,322.95857461149,35.88,FALSE,224.499945243488,10,40,"pearse",76.0870685493697
267.661640187343,260.3530762249,307.887166055149,35.88,FALSE,231.781640187343,10,40,"pearse",47.5340898302488
274.701562332755,250.11999026086,392.527247605592,35.88,FALSE,238.821562332755,10,40,"pearse",142.407257344732
321.75639255375,289.60613829851,461.671758546407,35.88,FALSE,285.87639255375,10,40,"pearse",172.065620247898
361.925549561792,319.586883123221,541.956325302529,35.88,FALSE,326.045549561792,10,40,"pearse",222.369442179307
344.021179470501,300.105885202083,617.549856115962,35.88,FALSE,308.141179470501,10,40,"pearse",317.443970913879
362.917755933417,315.425573394761,619.77803544564,35.88,FALSE,327.037755933417,10,40,"pearse",304.35246205088
297.152549050944,268.855704560321,416.46450212978,35.88,FALSE,261.272549050944,10,40,"pearse",147.608797569458
257.234053352632,250.927156433107,294.741072912898,35.88,FALSE,221.354053352632,10,40,"pearse",43.8139164797912
356.346691959956,314.385410065619,540.505176018062,35.88,FALSE,320.466691959956,10,40,"pearse",226.119765952443
267.775666396993,259.065658181631,318.600895265211,35.88,FALSE,231.895666396993,10,40,"pearse",59.5352370835803
295.545033937904,267.644737552267,418.290674383598,35.88,FALSE,259.665033937904,10,40,"pearse",150.645936831331
258.397219206001,245.142120279482,323.184596011123,35.88,FALSE,222.517219206001,10,40,"pearse",78.0424757316406
247.616105314736,231.267156727468,316.105544746177,35.88,FALSE,211.736105314736,10,40,"pearse",84.8383880187098
427.216302857275,367.126979301418,835.863143067029,35.88,FALSE,391.336302857275,10,40,"pearse",468.736163765611
284.284293874671,262.537131116738,374.477812456805,35.88,FALSE,248.404293874671,10,40,"pearse",111.940681340067
273.018454242454,251.595143646373,362.779565591464,35.88,FALSE,237.138454242454,10,40,"pearse",111.18442194509
297.378211670887,257.777114177806,477.435040091913,35.88,FALSE,261.498211670887,10,40,"pearse",219.657925914107
276.940063360078,256.227192575346,365.274129110094,35.88,FALSE,241.060063360078,10,40,"pearse",109.046936534748
256.507818935908,246.076521668014,303.112526205107,35.88,FALSE,220.627818935908,10,40,"pearse",57.0360045370932
280.225170265342,257.852683721694,376.78564042727,35.88,FALSE,244.345170265342,10,40,"pearse",118.932956705576
299.685779938562,276.857575854203,394.867668998092,35.88,FALSE,263.805779938562,10,40,"pearse",118.010093143889
234.053494283258,228.664157862238,277.268049370473,35.88,FALSE,198.173494283258,10,40,"pearse",48.603891508235
320.904773842164,283.401315646936,481.739476563762,35.88,FALSE,285.024773842164,10,40,"pearse",198.338160916826
307.120663912232,277.587678631421,444.425323150117,35.88,FALSE,271.240663912232,10,40,"pearse",166.837644518696
201.461732853719,197.701734232219,224.921316170619,35.88,FALSE,165.581732853719,10,40,"pearse",27.2195819383998
338.091714210221,299.842409902186,499.501759173025,35.88,FALSE,302.211714210221,10,40,"pearse",199.65934927084
272.606808149424,249.531498632712,369.719055097663,35.88,FALSE,236.726808149424,10,40,"pearse",120.187556464951
