"estimate","lowci","highci","true_offset","pass","distance","obs","sd","estimator","ci"
227.806436567946,223.322070450304,232.587791008216,238.1,FALSE,-10.2935634320545,10,10,"belitz",9.26572055791158
222.41256740056,219.260714560441,227.211277555944,238.1,FALSE,-15.6874325994404,10,10,"belitz",7.95056299550245
231.525935399385,227.137042542306,232.637151371393,238.1,FALSE,-6.57406460061526,10,10,"belitz",5.50010882908686
216.946049896986,207.907771283967,221.065912283651,238.1,FALSE,-21.1539501030135,10,10,"belitz",13.1581409996833
240.072512446772,239.684144450538,241.346487870674,238.1,FALSE,1.9725124467719,10,10,"belitz",1.66234342013567
242.37377018083,225.676766787742,243.702618341667,238.1,TRUE,4.2737701808299,10,10,"belitz",18.0258515539254
224.634128128822,219.900196990239,229.326339874339,238.1,FALSE,-13.4658718711779,10,10,"belitz",9.42614288410002
235.665171192225,230.946864708468,239.772970124228,238.1,TRUE,-2.43482880777486,10,10,"belitz",8.82610541575929
225.601969668401,217.915637788576,229.947626788482,238.1,FALSE,-12.498030331599,10,10,"belitz",12.0319889999058
231.641590065119,226.718900284271,238.829494368733,238.1,TRUE,-6.45840993488127,10,10,"belitz",12.1105940844619
234.860140924037,230.65952513268,235.992336001116,238.1,FALSE,-3.23985907596327,10,10,"belitz",5.33281086843533
237.010271309809,217.430323831271,240.664365079922,238.1,TRUE,-1.08972869019058,10,10,"belitz",23.2340412486507
221.887336716893,217.345907039023,226.215961832141,238.1,FALSE,-16.212663283107,10,10,"belitz",8.87005479311793
223.726646052262,219.242724150212,229.111717879399,238.1,FALSE,-14.3733539477384,10,10,"belitz",9.86899372918728
227.432933366201,223.169279139259,229.773832988528,238.1,FALSE,-10.6670666337985,10,10,"belitz",6.60455384926883
231.344231525053,217.297648986321,232.25614466233,238.1,FALSE,-6.75576847494708,10,10,"belitz",14.9584956760092
230.807745999122,227.035135065059,233.637866517536,238.1,FALSE,-7.29225400087807,10,10,"belitz",6.60273145247655
227.562972962838,223.749120332736,230.393491812944,238.1,FALSE,-10.5370270371623,10,10,"belitz",6.64437148020716
242.757097960855,223.534503477062,245.530290448081,238.1,TRUE,4.65709796085511,10,10,"belitz",21.9957869710194
215.947854903112,213.402268736289,219.765826361687,238.1,FALSE,-22.1521450968884,10,10,"belitz",6.36355762539765
228.842062879732,223.48440693456,232.29549910582,238.1,FALSE,-9.25793712026831,10,10,"belitz",8.81109217126004
230.241443341179,229.368354476635,231.243646856812,238.1,FALSE,-7.85855665882124,10,10,"belitz",1.87529238017657
234.450815579275,231.632377837999,235.832901732893,238.1,FALSE,-3.64918442072511,10,10,"belitz",4.20052389489356
225.51755205225,220.020237247417,230.799723022612,238.1,FALSE,-12.5824479477504,10,10,"belitz",10.7794857751948
235.976069510668,231.783656077527,239.874021665014,238.1,TRUE,-2.12393048933248,10,10,"belitz",8.09036558748664
224.873507638365,216.084530350621,226.535368182307,238.1,FALSE,-13.2264923616348,10,10,"belitz",10.4508378316861
237.178455140033,236.960219194439,237.652489799305,238.1,FALSE,-0.921544859966787,10,10,"belitz",0.692270604866735
227.901884228126,221.483343217492,230.346632799796,238.1,FALSE,-10.198115771874,10,10,"belitz",8.8632895823043
234.529049782683,220.592512774337,238.367522668578,238.1,TRUE,-3.57095021731735,10,10,"belitz",17.7750098942413
228.080197744886,225.218692546041,230.278136327268,238.1,FALSE,-10.0198022551138,10,10,"belitz",5.05944378122709
242.90132523695,230.492980783441,247.50679485524,279.35,FALSE,-36.44867476305,10,20,"belitz",17.0138140717991
245.848601337747,236.524296574241,251.33963536662,279.35,FALSE,-33.501398662253,10,20,"belitz",14.8153387923781
255.482531388849,250.491417559263,258.864829202107,279.35,FALSE,-23.8674686111514,10,20,"belitz",8.37341164284328
246.048005258181,231.061851775617,248.566170976752,279.35,FALSE,-33.3019947418193,10,20,"belitz",17.5043192011354
227.47931141915,218.22299288545,233.329494699456,279.35,FALSE,-51.8706885808503,10,20,"belitz",15.106501814006
260.982163669459,259.879407401661,262.933124271962,279.35,FALSE,-18.3678363305413,10,20,"belitz",3.05371687030095
248.13370204988,239.315964238773,254.708601038154,279.35,FALSE,-31.2162979501204,10,20,"belitz",15.3926367993811
240.032725401434,219.443621930275,243.077029877437,279.35,FALSE,-39.3172745985664,10,20,"belitz",23.6334079471613
251.028861738549,221.059495284268,256.09420717365,279.35,FALSE,-28.321138261451,10,20,"belitz",35.0347118893821
252.753121021002,248.740362097528,257.251410944263,279.35,FALSE,-26.5968789789976,10,20,"belitz",8.51104884673583
234.579985176194,230.06219230089,243.318896192919,279.35,FALSE,-44.7700148238063,10,20,"belitz",13.2567038920292
272.167804889651,270.33518111088,273.346311072317,279.35,FALSE,-7.18219511034886,10,20,"belitz",3.01112996143667
244.244539337281,239.239998805521,248.372093184309,279.35,FALSE,-35.1054606627189,10,20,"belitz",9.13209437878825
234.99935706193,230.736137097713,241.790866301556,279.35,FALSE,-44.3506429380703,10,20,"belitz",11.0547292038432
255.463975422805,229.029634677831,257.671271128316,279.35,FALSE,-23.8860245771951,10,20,"belitz",28.6416364504852
229.97470914396,224.924410531562,235.344869524902,279.35,FALSE,-49.3752908560398,10,20,"belitz",10.4204589933404
257.978193912341,254.374264186266,261.500871938993,279.35,FALSE,-21.3718060876587,10,20,"belitz",7.12660775272695
234.36639461168,229.585523717359,239.601318523367,279.35,FALSE,-44.9836053883202,10,20,"belitz",10.0157948060081
266.245910493286,260.117386346924,274.02424972532,279.35,FALSE,-13.1040895067142,10,20,"belitz",13.9068633783955
217.349298688726,209.35571499501,224.921838239064,279.35,FALSE,-62.0007013112743,10,20,"belitz",15.5661232440544
250.44080048476,225.735710002165,252.962305306623,279.35,FALSE,-28.9091995152398,10,20,"belitz",27.2265953044581
269.384443597546,264.677218967375,275.853512976393,279.35,FALSE,-9.96555640245396,10,20,"belitz",11.1762940090181
259.250073653604,252.922719658055,262.907702131625,279.35,FALSE,-20.0999263463963,10,20,"belitz",9.9849824735708
259.602765282122,253.694936982227,263.856743013923,279.35,FALSE,-19.7472347178777,10,20,"belitz",10.1618060316956
256.158915982427,249.237790970374,257.659654592334,279.35,FALSE,-23.1910840175728,10,20,"belitz",8.42186362196054
253.500416730684,248.267800631245,260.103634590916,279.35,FALSE,-25.8495832693162,10,20,"belitz",11.835833959671
263.380074260079,262.53195618768,264.519920713528,279.35,FALSE,-15.969925739921,10,20,"belitz",1.98796452584827
260.533765043453,254.494801152893,264.037678821615,279.35,FALSE,-18.8162349565467,10,20,"belitz",9.54287766872113
243.595427186982,232.3598411726,247.749961012545,279.35,FALSE,-35.7545728130183,10,20,"belitz",15.3901198399449
256.184645489002,248.932861320901,259.584173313717,279.35,FALSE,-23.1653545109975,10,20,"belitz",10.6513119928159
269.51957309483,265.524484817886,280.00736403089,361.38,FALSE,-91.8604269051702,10,40,"belitz",14.4828792130039
246.940126974982,239.86992164513,259.898474684633,361.38,FALSE,-114.439873025018,10,40,"belitz",20.0285530395035
266.131955595639,237.737514395004,271.902944336734,361.38,FALSE,-95.248044404361,10,40,"belitz",34.1654299417297
273.483271440737,250.557825545187,283.769743222308,361.38,FALSE,-87.896728559263,10,40,"belitz",33.2119176771213
267.751864857082,261.99163658501,270.610299533423,361.38,FALSE,-93.6281351429177,10,40,"belitz",8.6186629484132
312.248827719459,306.677454400421,318.830264063623,361.38,FALSE,-49.1311722805407,10,40,"belitz",12.1528096632016
347.451537735327,267.971332140137,354.554800603416,361.38,FALSE,-13.9284622646726,10,40,"belitz",86.5834684632783
312.254974356965,313.14060835872,313.14060835872,361.38,FALSE,-49.1250256430347,10,40,"belitz",0
330.045525928428,304.869691092192,338.844955667192,361.38,FALSE,-31.3344740715718,10,40,"belitz",33.9752645749994
291.440917645541,271.46181904188,295.94706096665,361.38,FALSE,-69.9390823544593,10,40,"belitz",24.4852419247701
264.575740380847,239.649669309182,283.920822863555,361.38,FALSE,-96.8042596191526,10,40,"belitz",44.2711535543733
341.771029299218,316.215351432451,354.083822911013,361.38,FALSE,-19.6089707007822,10,40,"belitz",37.8684714785622
276.749373925749,262.682278295999,285.415464567734,361.38,FALSE,-84.6306260742505,10,40,"belitz",22.7331862717347
289.373342293741,275.168728920516,299.138259385428,361.38,FALSE,-72.0066577062589,10,40,"belitz",23.969530464912
263.692422287684,244.191783101037,275.810130915316,361.38,FALSE,-97.6875777123156,10,40,"belitz",31.6183478142798
250.616332579986,240.68127064779,257.372285302642,361.38,FALSE,-110.763667420014,10,40,"belitz",16.6910146548517
371.123090152865,369.448248153427,NA,361.38,FALSE,9.74309015286542,10,40,"belitz",NA
282.414083227212,255.933335141293,292.168987374259,361.38,FALSE,-78.9659167727885,10,40,"belitz",36.235652232966
269.294124280088,237.397016975318,285.532280144848,361.38,FALSE,-92.0858757199115,10,40,"belitz",48.1352631695302
281.77082047199,280.948509596225,286.9399107675,361.38,FALSE,-79.6091795280097,10,40,"belitz",5.99140117127456
274.440763886162,263.307376136302,288.745367817001,361.38,FALSE,-86.9392361138383,10,40,"belitz",25.4379916806996
263.465986704211,261.867946446527,267.369854543192,361.38,FALSE,-97.9140132957888,10,40,"belitz",5.50190809666498
277.076806042789,232.32265232716,290.17643837045,361.38,FALSE,-84.303193957211,10,40,"belitz",57.8537860432904
296.064870802083,284.889235965069,307.841399710168,361.38,FALSE,-65.3151291979166,10,40,"belitz",22.9521637450989
241.558591721148,236.489971454856,254.606500960809,361.38,FALSE,-119.821408278852,10,40,"belitz",18.1165295059526
304.361302905564,259.728604278814,316.189196713756,361.38,FALSE,-57.0186970944361,10,40,"belitz",56.460592434942
297.206907657079,293.980158091842,301.854509986939,361.38,FALSE,-64.1730923429207,10,40,"belitz",7.87435189509648
210.595200470383,201.402943874763,216.798876825196,361.38,FALSE,-150.784799529617,10,40,"belitz",15.3959329504337
330.257021371447,318.36727485375,337.250047106864,361.38,FALSE,-31.122978628553,10,40,"belitz",18.8827722531142
271.766891958378,271.167897999501,NA,361.38,NA,-89.6131080416216,10,40,"belitz",NA
222.009350307638,218.585694047865,225.980943790878,238.1,FALSE,-16.0906496923616,20,10,"belitz",7.39524974301276
235.424410043189,231.132591385546,237.339731730069,238.1,FALSE,-2.67558995681119,20,10,"belitz",6.20714034452303
229.589185025053,226.496811752153,230.641967217262,238.1,FALSE,-8.51081497494658,20,10,"belitz",4.14515546510933
238.868830031232,232.200437542086,241.921264151945,238.1,TRUE,0.768830031232312,20,10,"belitz",9.7208266098587
235.553502506814,234.23913036141,236.494158278674,238.1,FALSE,-2.54649749318639,20,10,"belitz",2.25502791726424
239.410994095367,239.155301639938,241.404901065573,238.1,FALSE,1.31099409536748,20,10,"belitz",2.24959942563524
232.088172671242,224.152529750027,237.509652408811,238.1,FALSE,-6.01182732875819,20,10,"belitz",13.3571226587846
224.041283009588,221.667026785347,228.847884612303,238.1,FALSE,-14.0587169904123,20,10,"belitz",7.18085782695519
223.982195905436,218.463850472312,229.715755715401,238.1,FALSE,-14.1178040945643,20,10,"belitz",11.2519052430894
224.387988341652,218.073767588956,227.774938388114,238.1,FALSE,-13.7120116583483,20,10,"belitz",9.70117079915789
232.086895506097,212.339518040038,236.763120485959,238.1,FALSE,-6.01310449390289,20,10,"belitz",24.4236024459201
244.441139299335,228.19847208172,246.861460119143,238.1,TRUE,6.3411392993346,20,10,"belitz",18.662988037422
239.141883263829,229.666361311461,243.844708250368,238.1,TRUE,1.04188326382868,20,10,"belitz",14.178346938907
242.968903581552,241.195778299365,244.023459570498,238.1,FALSE,4.86890358155225,20,10,"belitz",2.82768127113368
246.994896142158,243.214320816647,248.564759181118,238.1,FALSE,8.89489614215773,20,10,"belitz",5.35043836447164
238.298357834472,224.386662022238,241.400468348107,238.1,TRUE,0.198357834472233,20,10,"belitz",17.0138063258685
229.260199303204,224.804648345858,232.092783458181,238.1,FALSE,-8.83980069679606,20,10,"belitz",7.28813511232377
230.332103945037,229.6246358845,231.714694553025,238.1,FALSE,-7.76789605496336,20,10,"belitz",2.09005866852459
242.808578249489,239.362764925107,244.217455662789,238.1,FALSE,4.70857824948871,20,10,"belitz",4.85469073768226
231.552366202815,226.924093389777,234.874429162575,238.1,FALSE,-6.5476337971852,20,10,"belitz",7.95033577279793
238.805358105819,234.244949039112,242.812915803354,238.1,TRUE,0.705358105818959,20,10,"belitz",8.56796676424165
242.907815296334,236.755849287157,246.856833369794,238.1,TRUE,4.80781529633433,20,10,"belitz",10.1009840826368
235.82701632867,234.939612472506,236.507771803692,238.1,FALSE,-2.27298367132985,20,10,"belitz",1.56815933118608
227.341687039107,223.290684850631,232.861399853604,238.1,FALSE,-10.7583129608931,20,10,"belitz",9.57071500297326
243.650004680272,242.858807195584,244.526831866569,238.1,FALSE,5.55000468027185,20,10,"belitz",1.6680246709854
216.104632757121,211.017467562037,221.800130424848,238.1,FALSE,-21.9953672428786,20,10,"belitz",10.7826628628109
227.422633301221,225.410349361039,230.505326597115,238.1,FALSE,-10.6773666987792,20,10,"belitz",5.09497723607601
220.089764308493,216.471474168507,226.380843278634,238.1,FALSE,-18.0102356915066,20,10,"belitz",9.90936911012696
241.857774907799,220.836830911745,243.872117134113,238.1,TRUE,3.75777490779899,20,10,"belitz",23.035286222368
233.083744295818,231.461009128496,233.798951053741,238.1,FALSE,-5.01625570418233,20,10,"belitz",2.33794192524527
246.862464449048,239.873911383719,253.493883218804,279.35,FALSE,-32.4875355509524,20,20,"belitz",13.619971835085
289.113466090884,288.633464473611,291.593225825822,279.35,FALSE,9.76346609088398,20,20,"belitz",2.95976135221076
250.113609535956,228.074176567913,255.667507474757,279.35,FALSE,-29.2363904640438,20,20,"belitz",27.5933309068437
231.934241951173,231.357568174219,236.491859900647,279.35,FALSE,-47.4157580488266,20,20,"belitz",5.13429172642762
260.101292943151,252.918460452869,263.256109979268,279.35,FALSE,-19.2487070568491,20,20,"belitz",10.3376495263987
254.689539769436,252.859655636852,256.872972874199,279.35,FALSE,-24.6604602305641,20,20,"belitz",4.0133172373466
260.431431693682,234.545494252199,263.620450507505,279.35,FALSE,-18.9185683063178,20,20,"belitz",29.074956255306
260.249330332303,253.91282460045,263.564664787916,279.35,FALSE,-19.1006696676968,20,20,"belitz",9.65184018746655
236.389546427085,233.543636663657,240.363131411239,279.35,FALSE,-42.9604535729148,20,20,"belitz",6.81949474758218
237.613474385707,232.632497994173,241.320216392693,279.35,FALSE,-41.7365256142931,20,20,"belitz",8.68771839851968
238.41641364659,233.704229406661,243.642120243595,279.35,FALSE,-40.9335863534098,20,20,"belitz",9.93789083693338
242.903574899761,240.431011471579,246.863944504129,279.35,FALSE,-36.446425100239,20,20,"belitz",6.43293303254973
265.347562514719,257.300777133296,272.084657816792,279.35,FALSE,-14.0024374852806,20,20,"belitz",14.7838806834961
247.807525133234,240.752336036862,252.347037349222,279.35,FALSE,-31.5424748667665,20,20,"belitz",11.5947013123606
240.297586242995,235.513159203831,246.710742518358,279.35,FALSE,-39.0524137570049,20,20,"belitz",11.197583314527
259.814033433702,256.613598783253,261.436639496283,279.35,FALSE,-19.5359665662978,20,20,"belitz",4.82304071302991
238.467654577841,229.60152627772,246.049042724903,279.35,FALSE,-40.8823454221589,20,20,"belitz",16.4475164471826
262.760260533671,264.54231731876,264.54231731876,279.35,FALSE,-16.5897394663288,20,20,"belitz",0
255.90407916528,251.972161667546,260.925501079537,279.35,FALSE,-23.4459208347199,20,20,"belitz",8.95333941199158
285.871652886568,279.096436945862,288.74090277295,279.35,TRUE,6.52165288656761,20,20,"belitz",9.64446582708837
247.426428923241,246.04918652487,251.335584845356,279.35,FALSE,-31.9235710767588,20,20,"belitz",5.286398320486
242.781410747306,232.518865193108,247.335211812919,279.35,FALSE,-36.5685892526944,20,20,"belitz",14.8163466198114
271.801992293892,267.973727099817,277.249250157143,279.35,FALSE,-7.54800770610814,20,20,"belitz",9.27552305732621
252.409553455919,246.221436947831,257.92514923392,279.35,FALSE,-26.9404465440806,20,20,"belitz",11.7037122860882
238.161085939835,231.417354837043,244.754698548194,279.35,FALSE,-41.1889140601654,20,20,"belitz",13.3373437111502
246.377435908518,241.766293481995,251.769396141293,279.35,FALSE,-32.972564091482,20,20,"belitz",10.0031026592975
273.687679733893,258.232992373555,278.077149817206,279.35,FALSE,-5.66232026610658,20,20,"belitz",19.8441574436515
264.020306051662,258.343886466322,269.045628741805,279.35,FALSE,-15.329693948338,20,20,"belitz",10.7017422754832
244.801172768913,242.056302680746,248.49491025691,279.35,FALSE,-34.5488272310866,20,20,"belitz",6.43860757616355
273.358284490076,266.592418687598,279.214052357734,279.35,FALSE,-5.99171550992378,20,20,"belitz",12.6216336701361
288.289947316492,275.68090897648,297.625726292426,361.38,FALSE,-73.090052683508,20,40,"belitz",21.9448173159455
342.909044667597,329.87133054999,345.975663383186,361.38,FALSE,-18.4709553324029,20,40,"belitz",16.1043328331962
297.346879738914,286.698915773746,306.235210881398,361.38,FALSE,-64.0331202610864,20,40,"belitz",19.536295107652
255.406193255894,240.689245318692,261.612667594325,361.38,FALSE,-105.973806744106,20,40,"belitz",20.9234222756329
287.712014769714,281.933045722825,293.519273584105,361.38,FALSE,-73.6679852302862,20,40,"belitz",11.5862278612802
349.186163581412,342.533746861733,352.430469371871,361.38,FALSE,-12.1938364185881,20,40,"belitz",9.89672251013855
311.763029966196,311.71162883872,NA,361.38,NA,-49.6169700338041,20,40,"belitz",NA
290.837149010925,277.985369820312,297.016984664252,361.38,FALSE,-70.5428509890745,20,40,"belitz",19.0316148439405
323.374679693527,276.818197219097,330.069807264823,361.38,FALSE,-38.0053203064734,20,40,"belitz",53.2516100457257
278.032684168954,269.064800194214,294.268172709789,361.38,FALSE,-83.3473158310464,20,40,"belitz",25.2033725155749
284.966380721972,226.887512196463,295.793169203919,361.38,FALSE,-76.4136192780277,20,40,"belitz",68.9056570074566
323.62083036539,284.568434005012,333.592519900648,361.38,FALSE,-37.75916963461,20,40,"belitz",49.0240858956352
316.679800269279,253.027051823109,325.979547135296,361.38,FALSE,-44.7001997307211,20,40,"belitz",72.952495312187
291.776395941169,286.187305108868,298.350989977628,361.38,FALSE,-69.6036040588309,20,40,"belitz",12.1636848687594
302.987130547676,291.726142052008,310.818950107364,361.38,FALSE,-58.3928694523241,20,40,"belitz",19.0928080553568
299.260084163922,289.109342273115,313.660047705357,361.38,FALSE,-62.1199158360777,20,40,"belitz",24.5507054322417
309.622069012018,299.013083509957,316.355003558251,361.38,FALSE,-51.7579309879823,20,40,"belitz",17.3419200482938
267.804899276578,243.190991447203,278.368006817583,361.38,FALSE,-93.5751007234225,20,40,"belitz",35.1770153703794
330.573998873237,322.085047455446,341.898615303894,361.38,FALSE,-30.8060011267626,20,40,"belitz",19.8135678484483
300.050718036489,289.848293340102,307.177406606356,361.38,FALSE,-61.3292819635107,20,40,"belitz",17.3291132662536
290.199416902092,281.38041960797,301.657724703253,361.38,FALSE,-71.1805830979081,20,40,"belitz",20.2773050952838
275.930607630581,270.134947873475,281.081352851439,361.38,FALSE,-85.4493923694186,20,40,"belitz",10.9464049779647
323.25917689738,313.395801301804,328.099668545672,361.38,FALSE,-38.1208231026196,20,40,"belitz",14.7038672438682
283.174141413888,274.281220025059,292.441108764338,361.38,FALSE,-78.2058585861122,20,40,"belitz",18.1598887392792
302.760623683061,264.461530450498,309.687207476734,361.38,FALSE,-58.6193763169389,20,40,"belitz",45.2256770262366
282.497012910439,258.91863193441,287.173147854496,361.38,FALSE,-78.882987089561,20,40,"belitz",28.2545159200852
330.795416876992,328.829224276794,339.549050870674,361.38,FALSE,-30.5845831230078,20,40,"belitz",10.7198265938799
297.512524383,289.171843080252,300.562073873269,361.38,FALSE,-63.8674756170002,20,40,"belitz",11.3902307930167
293.291580963084,288.135959650349,298.598979249095,361.38,FALSE,-68.0884190369158,20,40,"belitz",10.4630195987467
270.146740311106,264.255280842329,283.674122101155,361.38,FALSE,-91.2332596888942,20,40,"belitz",19.4188412588256
240.774245073018,239.142053551113,242.697187754597,238.1,FALSE,2.67424507301845,50,10,"belitz",3.55513420348348
240.197040188303,237.398873020023,243.575555797375,238.1,TRUE,2.09704018830345,50,10,"belitz",6.17668277735228
229.874897018659,213.855430772711,231.931152583717,238.1,FALSE,-8.22510298134131,50,10,"belitz",18.0757218110063
243.431889701151,239.984201656592,245.522903313883,238.1,FALSE,5.33188970115054,50,10,"belitz",5.53870165729023
235.303748526344,233.517292887875,238.851508471276,238.1,TRUE,-2.79625147365635,50,10,"belitz",5.33421558340115
251.347151283361,248.405433889033,253.383998079312,238.1,FALSE,13.247151283361,50,10,"belitz",4.97856419027872
243.201642788551,242.474805940658,244.829858554832,238.1,FALSE,5.10164278855103,50,10,"belitz",2.35505261417373
233.207100578437,223.330444712404,235.630011587713,238.1,FALSE,-4.89289942156316,50,10,"belitz",12.2995668753094
237.33883276129,236.309020567876,238.39517350706,238.1,TRUE,-0.761167238709561,50,10,"belitz",2.08615293918368
240.486672569821,221.184824114325,242.804684048684,238.1,TRUE,2.38667256982146,50,10,"belitz",21.6198599343586
229.435211689622,224.37391708723,232.975302412983,238.1,FALSE,-8.66478831037759,50,10,"belitz",8.6013853257522
228.394189439304,221.060692722688,233.149548074071,238.1,FALSE,-9.70581056069605,50,10,"belitz",12.0888553513834
235.198469280729,230.847059908654,238.604477039878,238.1,TRUE,-2.90153071927145,50,10,"belitz",7.75741713122412
235.994381292045,231.159570573552,240.215456570212,238.1,TRUE,-2.10561870795499,50,10,"belitz",9.05588599665904
244.303173290349,242.457843057336,245.898432451187,238.1,FALSE,6.2031732903493,50,10,"belitz",3.44058939385144
224.430252743092,220.060973738582,230.544315868952,238.1,FALSE,-13.6697472569081,50,10,"belitz",10.4833421303697
241.456471822267,238.47491374754,243.440652398153,238.1,FALSE,3.35647182226666,50,10,"belitz",4.96573865061362
242.138595438284,224.241480574922,244.295069066291,238.1,TRUE,4.03859543828432,50,10,"belitz",20.0535884913696
222.456466710293,219.85334359244,227.103052362809,238.1,FALSE,-15.6435332897071,50,10,"belitz",7.24970877036864
228.372640886976,218.724709442731,232.411944137377,238.1,FALSE,-9.72735911302431,50,10,"belitz",13.6872346946464
228.399231331429,223.933165125336,230.828350890233,238.1,FALSE,-9.70076866857113,50,10,"belitz",6.89518576489669
251.658178190944,250.968910359503,251.848600429911,238.1,FALSE,13.5581781909439,50,10,"belitz",0.879690070408117
230.879680642267,220.849582016791,233.581946873535,238.1,FALSE,-7.22031935773316,50,10,"belitz",12.732364856744
236.196580547524,234.448104862945,237.132470078741,238.1,FALSE,-1.90341945247565,50,10,"belitz",2.68436521579602
232.063069017195,227.50901299936,236.915551200773,238.1,FALSE,-6.03693098280473,50,10,"belitz",9.4065382014137
232.20059123461,228.316567474825,235.275073952166,238.1,FALSE,-5.89940876538986,50,10,"belitz",6.95850647734073
237.426028821517,231.285104613051,240.611409659871,238.1,TRUE,-0.673971178482674,50,10,"belitz",9.32630504682061
241.577688055998,241.054432872283,242.126577193314,238.1,FALSE,3.47768805599807,50,10,"belitz",1.07214432103126
244.947632342977,244.429491485343,246.705711129218,238.1,FALSE,6.8476323429766,50,10,"belitz",2.27621964387484
232.017778038494,223.65643955351,237.397989969175,238.1,FALSE,-6.08222196150561,50,10,"belitz",13.7415504156651
261.601488554773,251.992281492799,266.322323815014,279.35,FALSE,-17.7485114452265,50,20,"belitz",14.3300423222144
265.354689238635,248.422367055184,268.772081076572,279.35,FALSE,-13.9953107613653,50,20,"belitz",20.3497140213887
264.790384507445,253.263416044564,271.947727495392,279.35,FALSE,-14.5596154925554,50,20,"belitz",18.6843114508282
252.677177144476,249.517936251672,255.447836527398,279.35,FALSE,-26.672822855524,50,20,"belitz",5.92990027572554
262.873519672896,242.332379348627,268.126850114675,279.35,FALSE,-16.476480327104,50,20,"belitz",25.7944707660479
254.671465592528,245.491936963947,259.222552988143,279.35,FALSE,-24.6785344074719,50,20,"belitz",13.7306160241963
265.195635151068,259.313825868119,271.957717535371,279.35,FALSE,-14.1543648489322,50,20,"belitz",12.6438916672519
254.695802202455,250.111505012107,263.894592151071,279.35,FALSE,-24.6541977975455,50,20,"belitz",13.7830871389641
251.864331820281,249.918652942207,255.769725357232,279.35,FALSE,-27.4856681797185,50,20,"belitz",5.85107241502504
307.726535170124,299.340216150119,313.528766506043,279.35,FALSE,28.3765351701244,50,20,"belitz",14.1885503559235
265.83149399756,263.578698616467,269.11221969881,279.35,FALSE,-13.5185060024405,50,20,"belitz",5.53352108234259
242.470705875834,232.669460292613,245.821178194846,279.35,FALSE,-36.8792941241662,50,20,"belitz",13.1517179022333
261.452639093032,257.974414527141,267.848749788486,279.35,FALSE,-17.8973609069683,50,20,"belitz",9.87433526134453
268.845919225226,264.695243667482,272.657698818544,279.35,FALSE,-10.5040807747738,50,20,"belitz",7.96245515106119
265.804698368943,260.527343789063,268.547441285711,279.35,FALSE,-13.5453016310575,50,20,"belitz",8.02009749664802
260.267684951413,257.351068893584,267.862219331864,279.35,FALSE,-19.0823150485867,50,20,"belitz",10.5111504382799
249.996023056706,239.635011615068,256.966554550115,279.35,FALSE,-29.3539769432941,50,20,"belitz",17.331542935047
257.894717262896,253.514794915902,265.120127244101,279.35,FALSE,-21.455282737104,50,20,"belitz",11.6053323281981
269.541680069871,265.369663065048,274.76968543536,279.35,FALSE,-9.8083199301293,50,20,"belitz",9.40002237031177
264.236433283466,263.256817706305,267.469818211677,279.35,FALSE,-15.1135667165337,50,20,"belitz",4.21300050537258
264.008154142084,258.941870442243,268.579167713611,279.35,FALSE,-15.3418458579164,50,20,"belitz",9.63729727136712
273.260608402537,266.779336174575,279.300290375474,279.35,FALSE,-6.08939159746296,50,20,"belitz",12.5209542008988
276.582514502286,256.748799017752,283.040769899485,279.35,TRUE,-2.76748549771366,50,20,"belitz",26.2919708817325
258.913191976644,252.554654281677,263.145765413337,279.35,FALSE,-20.4368080233562,50,20,"belitz",10.5911111316603
258.167242815072,253.857550711582,264.823623091338,279.35,FALSE,-21.1827571849281,50,20,"belitz",10.9660723797565
260.033957369614,257.61069251971,264.1358505058,279.35,FALSE,-19.3160426303862,50,20,"belitz",6.52515798608948
269.318506988821,248.834530484978,276.29869476927,279.35,FALSE,-10.0314930111788,50,20,"belitz",27.464164284292
263.0735687568,258.954547504445,269.244953471938,279.35,FALSE,-16.2764312432,50,20,"belitz",10.2904059674935
288.849868761916,285.773207360586,292.252404785828,279.35,FALSE,9.49986876191571,50,20,"belitz",6.47919742524209
258.014282909753,246.669533961543,264.806316239856,279.35,FALSE,-21.3357170902469,50,20,"belitz",18.1367822783132
315.276838520593,287.623873768755,319.473768784924,361.38,FALSE,-46.1031614794072,50,40,"belitz",31.8498950161693
275.421290884593,262.507048635694,284.730701142806,361.38,FALSE,-85.9587091154069,50,40,"belitz",22.2236525071115
289.603786146713,284.392402557536,295.989301192469,361.38,FALSE,-71.7762138532867,50,40,"belitz",11.5968986349329
344.371566731754,334.42693007338,354.331480886554,361.38,FALSE,-17.0084332682461,50,40,"belitz",19.9045508131742
263.069435721793,256.49413578356,270.903857492908,361.38,FALSE,-98.3105642782069,50,40,"belitz",14.4097217093479
309.893840547701,303.008083731709,321.150475025006,361.38,FALSE,-51.4861594522986,50,40,"belitz",18.1423912932974
299.994741371097,295.632258421145,306.409099320764,361.38,FALSE,-61.3852586289025,50,40,"belitz",10.7768408996191
370.233396370022,320.279977342048,377.780553569714,361.38,TRUE,8.85339637002244,50,40,"belitz",57.5005762276663
303.118162456544,291.170498916469,315.292843181096,361.38,FALSE,-58.2618375434561,50,40,"belitz",24.1223442646269
319.543632810644,307.29342030495,329.917900243111,361.38,FALSE,-41.8363671893563,50,40,"belitz",22.6244799381615
333.600854911816,327.930508814279,340.482043349035,361.38,FALSE,-27.7791450881844,50,40,"belitz",12.5515345347566
347.514788222811,287.986263957165,365.169391544702,361.38,TRUE,-13.8652117771886,50,40,"belitz",77.1831275875361
317.565398985112,315.018594106423,319.225782438414,361.38,FALSE,-43.8146010148877,50,40,"belitz",4.20718833199044
308.066355319874,286.871532651595,323.237064764138,361.38,FALSE,-53.3136446801256,50,40,"belitz",36.3655321125431
329.466511329284,319.689613036592,337.871260650607,361.38,FALSE,-31.9134886707163,50,40,"belitz",18.1816476140152
317.354788989742,286.270447420027,326.811710262008,361.38,FALSE,-44.025211010258,50,40,"belitz",40.541262841981
375.959014120564,362.933627734754,380.357899970386,361.38,FALSE,14.5790141205642,50,40,"belitz",17.4242722356323
292.387433183207,282.492380267664,297.902710054741,361.38,FALSE,-68.9925668167933,50,40,"belitz",15.4103297870768
324.438530645651,313.062781658136,339.644658577908,361.38,FALSE,-36.941469354349,50,40,"belitz",26.5818769197714
279.325227881033,269.199893182417,289.405024803708,361.38,FALSE,-82.0547721189672,50,40,"belitz",20.2051316212912
283.429507285879,275.469811796531,288.832253723012,361.38,FALSE,-77.9504927141207,50,40,"belitz",13.3624419264814
315.529868852541,310.846025193018,325.533484405366,361.38,FALSE,-45.8501311474591,50,40,"belitz",14.6874592123476
327.498960274008,324.478846376575,344.174786412354,361.38,FALSE,-33.8810397259915,50,40,"belitz",19.6959400357791
280.321505245382,273.829691371655,289.790774512414,361.38,FALSE,-81.0584947546184,50,40,"belitz",15.9610831407597
300.346941515466,289.803673935722,313.292149399015,361.38,FALSE,-61.0330584845341,50,40,"belitz",23.4884754632926
290.21444310443,274.113889337728,295.511406637649,361.38,FALSE,-71.1655568955698,50,40,"belitz",21.3975172999212
365.972710031819,362.720484246376,374.978473222448,361.38,FALSE,4.59271003181857,50,40,"belitz",12.2579889760716
358.563588683956,356.628751192805,364.451001371939,361.38,TRUE,-2.8164113160438,50,40,"belitz",7.82225017913345
294.712131169182,288.670918024168,299.035286673313,361.38,FALSE,-66.6678688308176,50,40,"belitz",10.3643686491449
295.416631481188,276.811140467138,303.841723292505,361.38,FALSE,-65.9633685188123,50,40,"belitz",27.0305828253675
218.572542973159,217.614491474644,227.52834113556,238.1,FALSE,-19.5274570268409,10,10,"pearse",9.9138496609157
212.241797691604,211.193742571695,221.030183988978,238.1,FALSE,-25.8582023083964,10,10,"pearse",9.83644141728266
222.503546494717,215.728373304211,250.398873314854,238.1,TRUE,-15.5964535052832,10,10,"pearse",34.6705000106429
206.987499052153,205.930989684185,216.219035041405,238.1,FALSE,-31.1125009478466,10,10,"pearse",10.2880453572194
235.21224109736,224.022385551046,287.386091348166,238.1,TRUE,-2.88775890264017,10,10,"pearse",63.3637057971202
241.390317108634,227.063803828572,311.139028514994,238.1,TRUE,3.2903171086341,10,10,"pearse",84.0752246864222
213.679369446905,211.551862878254,225.484138289873,238.1,FALSE,-24.4206305530953,10,10,"pearse",13.9322754116194
228.201699308586,220.069689636775,262.627466807218,238.1,TRUE,-9.89830069141414,10,10,"pearse",42.5577771704433
216.248973337672,214.380616636133,227.627834720824,238.1,FALSE,-21.8510266623283,10,10,"pearse",13.247218084691
222.560267217205,218.987419247094,241.280040765036,238.1,TRUE,-15.5397327827953,10,10,"pearse",22.2926215179427
227.759293399943,219.501452550764,265.251594140872,238.1,TRUE,-10.3407066000565,10,10,"pearse",45.7501415901083
228.435239459701,220.778035648165,261.450610867952,238.1,TRUE,-9.6647605402988,10,10,"pearse",40.6725752197871
211.349487418637,209.046311459835,224.23068005889,238.1,FALSE,-26.7505125813625,10,10,"pearse",15.1843685990546
214.76089152252,212.495672626717,226.547542029454,238.1,FALSE,-23.3391084774801,10,10,"pearse",14.0518694027372
219.918805625313,212.063944117149,253.581191148216,238.1,TRUE,-18.1811943746866,10,10,"pearse",41.517247031067
225.490479010495,218.860945644782,271.07012804076,238.1,TRUE,-12.6095209895048,10,10,"pearse",52.2091823959786
221.700027618884,215.925852014918,245.841502240413,238.1,TRUE,-16.3999723811163,10,10,"pearse",29.9156502254953
217.622849800524,213.566755739621,234.565441027759,238.1,FALSE,-20.4771501994759,10,10,"pearse",20.9986852881385
240.695013595136,227.906920116362,303.026770954341,238.1,TRUE,2.59501359513621,10,10,"pearse",75.1198508379796
205.452764780778,203.489974499951,215.842553489178,238.1,FALSE,-32.6472352192217,10,10,"pearse",12.3525789892263
220.881383002937,213.705392638479,250.719032608135,238.1,TRUE,-17.2186169970628,10,10,"pearse",37.0136399696567
222.246947008299,214.623021178226,257.883093844804,238.1,TRUE,-15.8530529917007,10,10,"pearse",43.2600726665784
225.101031343984,218.191374496871,253.658217271712,238.1,TRUE,-12.998968656016,10,10,"pearse",35.466842774841
214.78035151512,212.686990173956,228.657384123704,238.1,FALSE,-23.3196484848803,10,10,"pearse",15.9703939497488
227.677346954354,220.956755157188,256.489505629671,238.1,TRUE,-10.4226530456457,10,10,"pearse",35.5327504724831
212.639287472811,210.698278704579,222.440560149257,238.1,FALSE,-25.4607125271888,10,10,"pearse",11.7422814446779
230.030686058812,222.187745559196,271.033402532613,238.1,TRUE,-8.0693139411878,10,10,"pearse",48.8456569734169
219.098724553953,213.051620220408,244.55163590949,238.1,TRUE,-19.0012754460474,10,10,"pearse",31.5000156890822
227.045481225416,219.28365471345,259.132190483247,238.1,TRUE,-11.0545187745841,10,10,"pearse",39.8485357697976
218.151338474754,213.229789847362,238.579284995205,238.1,TRUE,-19.9486615252461,10,10,"pearse",25.3494951478434
232.362541409343,227.399363908091,262.261145905412,279.35,FALSE,-46.9874585906573,10,20,"pearse",34.8617819973206
241.819497723886,229.907960693442,291.226440723809,279.35,TRUE,-37.5305022761144,10,20,"pearse",61.3184800303669
248.472368616912,236.379853589313,299.696792642947,279.35,TRUE,-30.8776313830885,10,20,"pearse",63.3169390536342
239.117050504748,229.867534701721,277.319001755561,279.35,FALSE,-40.2329494952522,10,20,"pearse",47.4514670538401
217.912703233371,213.458185733429,243.002394864644,279.35,FALSE,-61.4372967666293,10,20,"pearse",29.5442091312146
256.847335852427,241.73971022223,321.798567203124,279.35,TRUE,-22.5026641475732,10,20,"pearse",80.0588569808935
240.026262555194,235.108880188502,267.871870039001,279.35,FALSE,-39.3237374448062,10,20,"pearse",32.7629898504989
235.810056726219,224.507830795956,289.120276019825,279.35,TRUE,-43.5399432737813,10,20,"pearse",64.6124452238693
246.646200199187,234.125387268912,299.899906429537,279.35,TRUE,-32.7037998008132,10,20,"pearse",65.7745191606245
245.009868953782,236.961138618965,280.715469488459,279.35,TRUE,-34.3401310462183,10,20,"pearse",43.7543308694931
225.04446369186,222.370866235133,242.777000271291,279.35,FALSE,-54.3055363081402,10,20,"pearse",20.4061340361572
272.487352587398,252.597569596147,367.581760973579,279.35,TRUE,-6.86264741260226,10,20,"pearse",114.984191377432
236.662654778321,228.729441337274,270.617544716692,279.35,FALSE,-42.6873452216787,10,20,"pearse",41.8881033794183
226.11835399581,221.131768454809,250.550801475623,279.35,FALSE,-53.2316460041901,10,20,"pearse",29.4190330208144
258.243888499976,238.361007396978,349.514160305944,279.35,TRUE,-21.106111500024,10,20,"pearse",111.153152908966
220.122130810962,217.672126924906,240.157201032713,279.35,FALSE,-59.2278691890378,10,20,"pearse",22.4850741078063
263.840963214179,238.615940183573,380.364214524832,279.35,TRUE,-15.5090367858213,10,20,"pearse",141.748274341259
223.839325700304,221.648749702476,240.788657540232,279.35,FALSE,-55.5106742996965,10,20,"pearse",19.1399078377558
265.455298310611,246.912872313569,342.32859877577,279.35,TRUE,-13.894701689389,10,20,"pearse",95.4157264622004
208.999713345439,204.807317357292,229.488988865991,279.35,FALSE,-70.3502866545608,10,20,"pearse",24.6816715086984
246.671652241545,234.237869990224,300.181368111964,279.35,TRUE,-32.6783477584551,10,20,"pearse",65.94349812174
267.1806567236,251.053706060954,336.052014485053,279.35,TRUE,-12.1693432763998,10,20,"pearse",84.9983084240995
258.403863785875,240.732121601278,335.180816869406,279.35,TRUE,-20.9461362141248,10,20,"pearse",94.448695268128
262.12746716309,241.129115404121,356.840332382323,279.35,TRUE,-17.2225328369104,10,20,"pearse",115.711216978201
253.824809335084,235.120439859822,333.830878418534,279.35,TRUE,-25.5251906649164,10,20,"pearse",98.7104385587126
247.45617744807,236.302395259918,294.445905969575,279.35,TRUE,-31.89382255193,10,20,"pearse",58.1435107096576
268.401734474426,248.112334642954,375.030690948314,279.35,TRUE,-10.9482655255737,10,20,"pearse",126.91835630536
252.406454933339,243.064125415888,293.064977083249,279.35,TRUE,-26.9435450666612,10,20,"pearse",50.0008516673606
239.802784344718,226.538389457613,294.518337586775,279.35,TRUE,-39.5472156552818,10,20,"pearse",67.9799481291625
248.464752105905,240.17413978853,286.304241386033,279.35,TRUE,-30.8852478940952,10,20,"pearse",46.1301015975031
262.773435844738,249.858285802526,320.787496433258,361.38,FALSE,-98.6065641552622,10,40,"pearse",70.9292106307314
236.863612681485,233.260408412699,260.146455277236,361.38,FALSE,-124.516387318515,10,40,"pearse",26.8860468645377
260.379945243488,246.87150606212,322.95857461149,361.38,FALSE,-101.000054756512,10,40,"pearse",76.0870685493697
267.661640187343,260.3530762249,307.887166055149,361.38,FALSE,-93.7183598126573,10,40,"pearse",47.5340898302488
274.701562332755,250.11999026086,392.527247605592,361.38,TRUE,-86.6784376672445,10,40,"pearse",142.407257344732
321.75639255375,289.60613829851,461.671758546407,361.38,TRUE,-39.6236074462499,10,40,"pearse",172.065620247898
361.925549561792,319.586883123221,541.956325302529,361.38,TRUE,0.545549561792086,10,40,"pearse",222.369442179307
344.021179470501,300.105885202083,617.549856115962,361.38,TRUE,-17.3588205294993,10,40,"pearse",317.443970913879
362.917755933417,315.425573394761,619.77803544564,361.38,TRUE,1.53775593341652,10,40,"pearse",304.35246205088
297.152549050944,268.855704560321,416.46450212978,361.38,TRUE,-64.2274509490556,10,40,"pearse",147.608797569458
257.234053352632,250.927156433107,294.741072912898,361.38,FALSE,-104.145946647368,10,40,"pearse",43.8139164797912
356.346691959956,314.385410065619,540.505176018062,361.38,TRUE,-5.03330804004406,10,40,"pearse",226.119765952443
267.775666396993,259.065658181631,318.600895265211,361.38,FALSE,-93.6043336030065,10,40,"pearse",59.5352370835803
295.545033937904,267.644737552267,418.290674383598,361.38,TRUE,-65.8349660620962,10,40,"pearse",150.645936831331
258.397219206001,245.142120279482,323.184596011123,361.38,FALSE,-102.982780793999,10,40,"pearse",78.0424757316406
247.616105314736,231.267156727468,316.105544746177,361.38,FALSE,-113.763894685264,10,40,"pearse",84.8383880187098
427.216302857275,367.126979301418,835.863143067029,361.38,FALSE,65.836302857275,10,40,"pearse",468.736163765611
284.284293874671,262.537131116738,374.477812456805,361.38,TRUE,-77.0957061253295,10,40,"pearse",111.940681340067
273.018454242454,251.595143646373,362.779565591464,361.38,TRUE,-88.3615457575455,10,40,"pearse",111.18442194509
297.378211670887,257.777114177806,477.435040091913,361.38,TRUE,-64.0017883291131,10,40,"pearse",219.657925914107
276.940063360078,256.227192575346,365.274129110094,361.38,TRUE,-84.4399366399218,10,40,"pearse",109.046936534748
256.507818935908,246.076521668014,303.112526205107,361.38,FALSE,-104.872181064092,10,40,"pearse",57.0360045370932
280.225170265342,257.852683721694,376.78564042727,361.38,TRUE,-81.1548297346579,10,40,"pearse",118.932956705576
299.685779938562,276.857575854203,394.867668998092,361.38,TRUE,-61.6942200614382,10,40,"pearse",118.010093143889
234.053494283258,228.664157862238,277.268049370473,361.38,FALSE,-127.326505716742,10,40,"pearse",48.603891508235
320.904773842164,283.401315646936,481.739476563762,361.38,TRUE,-40.4752261578357,10,40,"pearse",198.338160916826
307.120663912232,277.587678631421,444.425323150117,361.38,TRUE,-54.2593360877683,10,40,"pearse",166.837644518696
201.461732853719,197.701734232219,224.921316170619,361.38,FALSE,-159.918267146281,10,40,"pearse",27.2195819383998
338.091714210221,299.842409902186,499.501759173025,361.38,TRUE,-23.2882857897786,10,40,"pearse",199.65934927084
272.606808149424,249.531498632712,369.719055097663,361.38,TRUE,-88.7731918505764,10,40,"pearse",120.187556464951
213.801130962495,213.414148857901,216.166635572655,238.1,FALSE,-24.2988690375046,20,10,"pearse",2.75248671475333
222.93434749335,219.149882217944,234.517262129945,238.1,FALSE,-15.1656525066497,20,10,"pearse",15.3673799120008
217.052246232892,214.417545716294,225.438446869095,238.1,FALSE,-21.0477537671077,20,10,"pearse",11.0209011528011
225.952955726328,222.86393858723,236.860326270638,238.1,FALSE,-12.1470442736722,20,10,"pearse",13.996387683408
222.742410286172,217.379951869419,241.043291335526,238.1,TRUE,-15.357589713828,20,10,"pearse",23.6633394661075
229.567615959597,223.932009828322,255.31569735578,238.1,TRUE,-8.53238404040334,20,10,"pearse",31.3836875274587
220.753936721528,217.885405188784,229.796601919974,238.1,FALSE,-17.346063278472,20,10,"pearse",11.91119673119
212.884455218127,210.389685402807,220.437635826072,238.1,FALSE,-25.2155447818734,20,10,"pearse",10.0479504232649
213.932194025137,212.603040626025,218.919797437682,238.1,FALSE,-24.1678059748629,20,10,"pearse",6.31675681165706
214.945536293403,213.838762488246,219.161920881972,238.1,FALSE,-23.1544637065966,20,10,"pearse",5.32315839372586
221.624319834802,218.627110973029,230.721395567984,238.1,FALSE,-16.4756801651978,20,10,"pearse",12.0942845949551
232.172036193309,227.131611193695,249.195175439557,238.1,TRUE,-5.92796380669057,20,10,"pearse",22.0635642458622
226.186579984724,223.667736970996,235.543670573107,238.1,FALSE,-11.9134200152758,20,10,"pearse",11.8759336021103
230.502211249019,224.738107072924,248.836080755964,238.1,TRUE,-7.59778875098064,20,10,"pearse",24.0979736830398
235.672228270133,230.328679658861,253.828575364626,238.1,TRUE,-2.42777172986723,20,10,"pearse",23.499895705765
226.669520895604,221.737547478555,242.066612054256,238.1,TRUE,-11.4304791043961,20,10,"pearse",20.3290645757009
217.618339940935,215.294330374219,225.174475590369,238.1,FALSE,-20.4816600590649,20,10,"pearse",9.88014521615008
218.203775997831,215.085907079593,227.547427381251,238.1,FALSE,-19.8962240021693,20,10,"pearse",12.4615203016576
228.893184766,224.33257291755,243.84485917226,238.1,TRUE,-9.20681523399981,20,10,"pearse",19.5122862547101
220.436858711543,217.940327245714,228.226092882235,238.1,FALSE,-17.6631412884571,20,10,"pearse",10.2857656365209
226.94766265596,222.937795242268,239.220433782219,238.1,TRUE,-11.1523373440395,20,10,"pearse",16.2826385399511
230.109708131723,225.632453921626,244.40452032079,238.1,TRUE,-7.99029186827664,20,10,"pearse",18.7720663991643
223.360300825767,218.546183316881,243.950146942089,238.1,TRUE,-14.7396991742327,20,10,"pearse",25.4039636252077
217.695043893593,216.121026963027,223.680733814753,238.1,FALSE,-20.4049561064074,20,10,"pearse",7.5597068517263
231.032028880898,224.583884144878,252.834479580081,238.1,TRUE,-7.06797111910237,20,10,"pearse",28.2505954352027
206.970021064169,206.147732030544,210.513594702862,238.1,FALSE,-31.1299789358306,20,10,"pearse",4.36586267231846
214.902061629239,212.661777454943,222.030797286691,238.1,FALSE,-23.1979383707611,20,10,"pearse",9.36901983174724
211.377739497273,210.292240371857,215.220946103659,238.1,FALSE,-26.7222605027274,20,10,"pearse",4.92870573180173
230.731276832725,225.659762310482,246.863959619421,238.1,TRUE,-7.36872316727485,20,10,"pearse",21.2041973089389
219.36560523754,216.655871449578,228.050749179857,238.1,FALSE,-18.7343947624601,20,10,"pearse",11.394877730279
235.484203728766,231.84476541999,249.077397180941,279.35,FALSE,-43.865796271234,20,20,"pearse",17.2326317609503
282.714565112209,265.302270641703,348.235282638243,279.35,TRUE,3.36456511220916,20,20,"pearse",82.9330119965405
239.603987458865,235.164830231753,254.323234542425,279.35,FALSE,-39.7460125411354,20,20,"pearse",19.1584043106728
220.755522578811,218.321457459056,229.489609222453,279.35,FALSE,-58.5944774211888,20,20,"pearse",11.1681517633962
250.344298003252,241.397463529553,278.914657089033,279.35,FALSE,-29.0057019967479,20,20,"pearse",37.5171935594797
244.195209342495,236.286360096252,267.88399749977,279.35,FALSE,-35.1547906575047,20,20,"pearse",31.5976374035181
247.424348536691,240.741950777048,270.6706201866,279.35,FALSE,-31.925651463309,20,20,"pearse",29.9286694095518
252.196019287082,242.883056037813,282.763695645888,279.35,TRUE,-27.1539807129179,20,20,"pearse",39.8806396080749
226.941870147488,225.041675352722,234.718523857687,279.35,FALSE,-52.4081298525124,20,20,"pearse",9.67684850496479
226.281031636572,224.690146083176,234.161404213164,279.35,FALSE,-53.0689683634282,20,20,"pearse",9.47125812998792
227.334069436986,223.085264070075,241.035398857201,279.35,FALSE,-52.0159305630141,20,20,"pearse",17.9501347871266
232.809320842412,224.749283377309,258.27774246649,279.35,FALSE,-46.5406791575883,20,20,"pearse",33.5284590891809
256.685923118649,247.074302791254,285.84581661433,279.35,TRUE,-22.6640768813508,20,20,"pearse",38.7715138230753
237.602381988097,233.93590270219,250.77233660501,279.35,FALSE,-41.7476180119034,20,20,"pearse",16.8364339028196
229.533392334137,228.035124232152,236.45079706129,279.35,FALSE,-49.816607665863,20,20,"pearse",8.41567282913761
246.550027515551,240.613975831005,267.261539300828,279.35,FALSE,-32.7999724844495,20,20,"pearse",26.6475634698224
227.605734992821,226.702028597777,232.490792408797,279.35,FALSE,-51.7442650071789,20,20,"pearse",5.78876381101952
251.923272929769,243.106483230414,280.731720901595,279.35,TRUE,-27.4267270702308,20,20,"pearse",37.6252376711809
246.684157027652,238.012313618403,273.364388475075,279.35,FALSE,-32.6658429723476,20,20,"pearse",35.352074856672
282.549285296544,266.9329215059,354.691951734768,279.35,TRUE,3.19928529654425,20,20,"pearse",87.7590302288687
235.516113795459,229.149008749004,255.472777933563,279.35,FALSE,-43.8338862045409,20,20,"pearse",26.3237691845587
229.582681926096,227.511490532169,237.895547358596,279.35,FALSE,-49.7673180739038,20,20,"pearse",10.384056826427
264.92636656207,252.10912006484,308.603656360468,279.35,TRUE,-14.4236334379298,20,20,"pearse",56.4945362956275
243.397862929366,236.184977125698,264.568110567427,279.35,FALSE,-35.9521370706344,20,20,"pearse",28.3831334417291
228.210934172806,225.199269775892,238.485863381008,279.35,FALSE,-51.1390658271938,20,20,"pearse",13.2865936051153
234.010965631772,230.780793379157,245.722620695794,279.35,FALSE,-45.3390343682281,20,20,"pearse",14.9418273166374
264.399336974019,252.951217393907,299.134364173398,279.35,TRUE,-14.9506630259806,20,20,"pearse",46.1831467794911
250.667283092895,244.875743906143,271.348975292379,279.35,FALSE,-28.6827169071051,20,20,"pearse",26.4732313862361
233.990458504867,230.915896807597,245.313641152176,279.35,FALSE,-45.3595414951326,20,20,"pearse",14.3977443445796
264.289767931718,253.262478401799,299.318169273847,279.35,TRUE,-15.0602320682816,20,20,"pearse",46.0556908720481
262.773435844738,249.858285802526,320.787496433258,361.38,FALSE,-98.6065641552622,10,40,"pearse",70.9292106307314
236.863612681485,233.260408412699,260.146455277236,361.38,FALSE,-124.516387318515,10,40,"pearse",26.8860468645377
260.379945243488,246.87150606212,322.95857461149,361.38,FALSE,-101.000054756512,10,40,"pearse",76.0870685493697
267.661640187343,260.3530762249,307.887166055149,361.38,FALSE,-93.7183598126573,10,40,"pearse",47.5340898302488
274.701562332755,250.11999026086,392.527247605592,361.38,TRUE,-86.6784376672445,10,40,"pearse",142.407257344732
321.75639255375,289.60613829851,461.671758546407,361.38,TRUE,-39.6236074462499,10,40,"pearse",172.065620247898
361.925549561792,319.586883123221,541.956325302529,361.38,TRUE,0.545549561792086,10,40,"pearse",222.369442179307
344.021179470501,300.105885202083,617.549856115962,361.38,TRUE,-17.3588205294993,10,40,"pearse",317.443970913879
362.917755933417,315.425573394761,619.77803544564,361.38,TRUE,1.53775593341652,10,40,"pearse",304.35246205088
297.152549050944,268.855704560321,416.46450212978,361.38,TRUE,-64.2274509490556,10,40,"pearse",147.608797569458
257.234053352632,250.927156433107,294.741072912898,361.38,FALSE,-104.145946647368,10,40,"pearse",43.8139164797912
356.346691959956,314.385410065619,540.505176018062,361.38,TRUE,-5.03330804004406,10,40,"pearse",226.119765952443
267.775666396993,259.065658181631,318.600895265211,361.38,FALSE,-93.6043336030065,10,40,"pearse",59.5352370835803
295.545033937904,267.644737552267,418.290674383598,361.38,TRUE,-65.8349660620962,10,40,"pearse",150.645936831331
258.397219206001,245.142120279482,323.184596011123,361.38,FALSE,-102.982780793999,10,40,"pearse",78.0424757316406
247.616105314736,231.267156727468,316.105544746177,361.38,FALSE,-113.763894685264,10,40,"pearse",84.8383880187098
427.216302857275,367.126979301418,835.863143067029,361.38,FALSE,65.836302857275,10,40,"pearse",468.736163765611
284.284293874671,262.537131116738,374.477812456805,361.38,TRUE,-77.0957061253295,10,40,"pearse",111.940681340067
273.018454242454,251.595143646373,362.779565591464,361.38,TRUE,-88.3615457575455,10,40,"pearse",111.18442194509
297.378211670887,257.777114177806,477.435040091913,361.38,TRUE,-64.0017883291131,10,40,"pearse",219.657925914107
276.940063360078,256.227192575346,365.274129110094,361.38,TRUE,-84.4399366399218,10,40,"pearse",109.046936534748
256.507818935908,246.076521668014,303.112526205107,361.38,FALSE,-104.872181064092,10,40,"pearse",57.0360045370932
280.225170265342,257.852683721694,376.78564042727,361.38,TRUE,-81.1548297346579,10,40,"pearse",118.932956705576
299.685779938562,276.857575854203,394.867668998092,361.38,TRUE,-61.6942200614382,10,40,"pearse",118.010093143889
234.053494283258,228.664157862238,277.268049370473,361.38,FALSE,-127.326505716742,10,40,"pearse",48.603891508235
320.904773842164,283.401315646936,481.739476563762,361.38,TRUE,-40.4752261578357,10,40,"pearse",198.338160916826
307.120663912232,277.587678631421,444.425323150117,361.38,TRUE,-54.2593360877683,10,40,"pearse",166.837644518696
201.461732853719,197.701734232219,224.921316170619,361.38,FALSE,-159.918267146281,10,40,"pearse",27.2195819383998
338.091714210221,299.842409902186,499.501759173025,361.38,TRUE,-23.2882857897786,10,40,"pearse",199.65934927084
272.606808149424,249.531498632712,369.719055097663,361.38,TRUE,-88.7731918505764,10,40,"pearse",120.187556464951
224.787707886415,222.654021336745,231.331104234417,238.1,FALSE,-13.3122921135846,50,10,"pearse",8.67708289767174
226.231836326534,223.801115806608,233.034063748641,238.1,FALSE,-11.8681636734658,50,10,"pearse",9.23294794203352
216.339139964035,215.341012231561,219.242728054849,238.1,FALSE,-21.7608600359654,50,10,"pearse",3.90171582328796
227.357314987803,225.804305475245,232.858365633511,238.1,FALSE,-10.7426850121966,50,10,"pearse",7.05406015826603
219.074403343162,217.893429521595,223.332435053037,238.1,FALSE,-19.0255966568384,50,10,"pearse",5.43900553144246
234.594553964888,232.133454964315,243.468555704615,238.1,TRUE,-3.50544603511185,50,10,"pearse",11.3351007403006
225.657877434886,224.188693538804,231.528054951453,238.1,FALSE,-12.4421225651144,50,10,"pearse",7.33936141264871
219.433981664708,218.347569323002,222.666340698776,238.1,FALSE,-18.6660183352919,50,10,"pearse",4.31877137577405
221.628816471291,219.969995856965,227.03009617014,238.1,FALSE,-16.4711835287086,50,10,"pearse",7.06010031317504
226.142211456529,224.325267138681,233.058998570838,238.1,FALSE,-11.9577885434713,50,10,"pearse",8.73373143215721
216.786634130114,215.974936190021,219.270824137535,238.1,FALSE,-21.3133658698864,50,10,"pearse",3.29588794751371
217.32125519138,216.119618124159,220.615493407035,238.1,FALSE,-20.7787448086198,50,10,"pearse",4.49587528287628
222.120600985221,220.979433278767,225.544569687108,238.1,FALSE,-15.9793990147787,50,10,"pearse",4.56513640834083
221.715562759566,220.278297443112,226.066152792124,238.1,FALSE,-16.3844372404335,50,10,"pearse",5.78785534901169
228.425204269472,225.82130195285,236.646488453552,238.1,FALSE,-9.67479573052844,50,10,"pearse",10.8251865007018
213.787275292513,213.023204039909,215.966807830961,238.1,FALSE,-24.3127247074866,50,10,"pearse",2.94360379105188
226.341579102732,225.005850905435,230.368103057328,238.1,FALSE,-11.7584208972676,50,10,"pearse",5.36225215189259
226.825439464587,224.97837518007,233.765674913721,238.1,FALSE,-11.2745605354129,50,10,"pearse",8.78729973365131
212.694004915046,212.051357875653,214.721113503252,238.1,FALSE,-25.4059950849535,50,10,"pearse",2.66975562759964
216.057664558656,215.399138990187,218.088518124535,238.1,FALSE,-22.0423354413439,50,10,"pearse",2.6893791343476
216.447465162609,215.857757171238,218.131764434935,238.1,FALSE,-21.6525348373907,50,10,"pearse",2.27400726369703
234.094541679292,232.682454208189,244.747534863101,238.1,TRUE,-4.00545832070833,50,10,"pearse",12.065080654912
218.175164580025,217.191978934567,221.187772915343,238.1,FALSE,-19.9248354199746,50,10,"pearse",3.99579398077549
220.581110213273,219.224244435745,225.174315455008,238.1,FALSE,-17.5188897867274,50,10,"pearse",5.95007101926265
219.928271385714,218.614464936565,223.450402027579,238.1,FALSE,-18.1717286142856,50,10,"pearse",4.83593709101385
218.985453864903,217.732178688033,222.653155719746,238.1,FALSE,-19.1145461350974,50,10,"pearse",4.92097703171345
222.895119502462,221.57497295458,227.060912140997,238.1,FALSE,-15.2048804975377,50,10,"pearse",5.48593918641654
225.020714368727,223.644863519718,230.819002050419,238.1,FALSE,-13.079285631273,50,10,"pearse",7.17413853070113
229.188258676017,226.39503442485,238.924064577766,238.1,TRUE,-8.91174132398262,50,10,"pearse",12.5290301529159
221.17223779072,220.467241510231,223.485094744953,238.1,FALSE,-16.9277622092804,50,10,"pearse",3.01785323472208
247.138476067098,244.440587404693,255.542501278719,279.35,FALSE,-32.2115239329022,50,20,"pearse",11.1019138740257
250.350504637589,247.256393460949,260.110285119888,279.35,FALSE,-28.999495362411,50,20,"pearse",12.8538916589384
253.283628520717,249.810968383431,263.119983096474,279.35,FALSE,-26.0663714792834,50,20,"pearse",13.3090147130432
238.217625537845,235.507306390356,245.836335475508,279.35,FALSE,-41.1323744621549,50,20,"pearse",10.3290290851517
249.046605088322,246.274486750597,257.990863184111,279.35,FALSE,-30.3033949116783,50,20,"pearse",11.7163764335141
239.355009677796,236.802947283253,247.313891715667,279.35,FALSE,-39.9949903222044,50,20,"pearse",10.5109444324138
249.439216200822,245.468953368404,261.188596413283,279.35,FALSE,-29.9107837991779,50,20,"pearse",15.7196430448796
243.256539526512,241.518544543245,248.568916046842,279.35,FALSE,-36.0934604734885,50,20,"pearse",7.05037150359743
238.064947181262,235.041523772597,246.899801378985,279.35,FALSE,-41.2850528187381,50,20,"pearse",11.8582776063879
286.829071855113,282.272878145632,327.909440648944,279.35,FALSE,7.47907185511315,50,20,"pearse",45.6365625033114
249.521395058583,244.942165913488,268.549591798824,279.35,FALSE,-29.8286049414174,50,20,"pearse",23.6074258853362
229.766857363432,228.221940952157,234.496980310252,279.35,FALSE,-49.5831426365684,50,20,"pearse",6.27503935809457
249.31912648219,245.722658956026,258.874963997349,279.35,FALSE,-30.0308735178105,50,20,"pearse",13.1523050413233
255.639220352151,250.364746173457,270.238821786242,279.35,FALSE,-23.7107796478492,50,20,"pearse",19.8740756127856
250.018266031341,247.375986437006,258.096516812867,279.35,FALSE,-29.3317339686587,50,20,"pearse",10.7205303758612
248.15396563504,244.924014026296,256.585438318674,279.35,FALSE,-31.1960343649596,50,20,"pearse",11.6614242923773
239.586923961713,236.992288081692,246.900199155578,279.35,FALSE,-39.7630760382867,50,20,"pearse",9.90791107388591
247.524318580399,244.784650492903,254.774616416648,279.35,FALSE,-31.8256814196005,50,20,"pearse",9.98996592374536
254.90166131065,249.761087583655,270.041862249175,279.35,FALSE,-24.4483386893498,50,20,"pearse",20.28077466552
247.743080819344,244.413180086422,258.394342561175,279.35,FALSE,-31.6069191806563,50,20,"pearse",13.9811624747528
250.664476070816,246.83208027167,260.990539072679,279.35,FALSE,-28.6855239291842,50,20,"pearse",14.1584588010097
258.088320267192,252.966714294359,272.846610814296,279.35,FALSE,-21.2616797328076,50,20,"pearse",19.8798965199372
259.069789036209,254.465851711613,274.485016584361,279.35,FALSE,-20.280210963791,50,20,"pearse",20.0191648727478
242.840121594025,241.133568063331,248.055550589472,279.35,FALSE,-36.5098784059746,50,20,"pearse",6.92198252614043
244.547437981588,240.864023757907,254.784184643669,279.35,FALSE,-34.8025620184118,50,20,"pearse",13.9201608857626
245.059132570149,241.048973762463,256.858070006337,279.35,FALSE,-34.2908674298506,50,20,"pearse",15.8090962438744
254.359037188539,251.385406970987,264.030266483618,279.35,FALSE,-24.9909628114612,50,20,"pearse",12.6448595126307
247.019973352071,243.940478599229,255.991624153706,279.35,FALSE,-32.3300266479291,50,20,"pearse",12.0511455544772
269.909729057858,264.128339123308,298.50399203318,279.35,TRUE,-9.44027094214181,50,20,"pearse",34.3756529098723
244.628084799641,242.50805523999,250.98125002784,279.35,FALSE,-34.7219152003586,50,20,"pearse",8.47319478785016
262.773435844738,249.858285802526,320.787496433258,361.38,FALSE,-98.6065641552622,10,40,"pearse",70.9292106307314
236.863612681485,233.260408412699,260.146455277236,361.38,FALSE,-124.516387318515,10,40,"pearse",26.8860468645377
260.379945243488,246.87150606212,322.95857461149,361.38,FALSE,-101.000054756512,10,40,"pearse",76.0870685493697
267.661640187343,260.3530762249,307.887166055149,361.38,FALSE,-93.7183598126573,10,40,"pearse",47.5340898302488
274.701562332755,250.11999026086,392.527247605592,361.38,TRUE,-86.6784376672445,10,40,"pearse",142.407257344732
321.75639255375,289.60613829851,461.671758546407,361.38,TRUE,-39.6236074462499,10,40,"pearse",172.065620247898
361.925549561792,319.586883123221,541.956325302529,361.38,TRUE,0.545549561792086,10,40,"pearse",222.369442179307
344.021179470501,300.105885202083,617.549856115962,361.38,TRUE,-17.3588205294993,10,40,"pearse",317.443970913879
362.917755933417,315.425573394761,619.77803544564,361.38,TRUE,1.53775593341652,10,40,"pearse",304.35246205088
297.152549050944,268.855704560321,416.46450212978,361.38,TRUE,-64.2274509490556,10,40,"pearse",147.608797569458
257.234053352632,250.927156433107,294.741072912898,361.38,FALSE,-104.145946647368,10,40,"pearse",43.8139164797912
356.346691959956,314.385410065619,540.505176018062,361.38,TRUE,-5.03330804004406,10,40,"pearse",226.119765952443
267.775666396993,259.065658181631,318.600895265211,361.38,FALSE,-93.6043336030065,10,40,"pearse",59.5352370835803
295.545033937904,267.644737552267,418.290674383598,361.38,TRUE,-65.8349660620962,10,40,"pearse",150.645936831331
258.397219206001,245.142120279482,323.184596011123,361.38,FALSE,-102.982780793999,10,40,"pearse",78.0424757316406
247.616105314736,231.267156727468,316.105544746177,361.38,FALSE,-113.763894685264,10,40,"pearse",84.8383880187098
427.216302857275,367.126979301418,835.863143067029,361.38,FALSE,65.836302857275,10,40,"pearse",468.736163765611
284.284293874671,262.537131116738,374.477812456805,361.38,TRUE,-77.0957061253295,10,40,"pearse",111.940681340067
273.018454242454,251.595143646373,362.779565591464,361.38,TRUE,-88.3615457575455,10,40,"pearse",111.18442194509
297.378211670887,257.777114177806,477.435040091913,361.38,TRUE,-64.0017883291131,10,40,"pearse",219.657925914107
276.940063360078,256.227192575346,365.274129110094,361.38,TRUE,-84.4399366399218,10,40,"pearse",109.046936534748
256.507818935908,246.076521668014,303.112526205107,361.38,FALSE,-104.872181064092,10,40,"pearse",57.0360045370932
280.225170265342,257.852683721694,376.78564042727,361.38,TRUE,-81.1548297346579,10,40,"pearse",118.932956705576
299.685779938562,276.857575854203,394.867668998092,361.38,TRUE,-61.6942200614382,10,40,"pearse",118.010093143889
234.053494283258,228.664157862238,277.268049370473,361.38,FALSE,-127.326505716742,10,40,"pearse",48.603891508235
320.904773842164,283.401315646936,481.739476563762,361.38,TRUE,-40.4752261578357,10,40,"pearse",198.338160916826
307.120663912232,277.587678631421,444.425323150117,361.38,TRUE,-54.2593360877683,10,40,"pearse",166.837644518696
201.461732853719,197.701734232219,224.921316170619,361.38,FALSE,-159.918267146281,10,40,"pearse",27.2195819383998
338.091714210221,299.842409902186,499.501759173025,361.38,TRUE,-23.2882857897786,10,40,"pearse",199.65934927084
272.606808149424,249.531498632712,369.719055097663,361.38,TRUE,-88.7731918505764,10,40,"pearse",120.187556464951
